institution,overall_score_2018,overall_score_2019,overall_score_2021,overall_score_2023,overall_score_2025,location,region,classification,focus,research_intensity,academic_reputation_score,academic_reputation_rank,employer_reputation_score,employer_reputation_rank,faculty_student_score,faculty_student_rank,citations_score,citations_per_faculty_rank,international_faculty_score,international_faculty_rank,international_student_score,international_students_rank,international_research_network_score,international_research_network_rank,employment_outcomes_score,employment_outcomes_rank,sustainability_score,sustainability_rank,status_A,status_B,status_C
STANFORD UNIVERSITY,98.7,98.6,98.4,98.3109057844478,96.67526777634114,United States,Americas,3,4,4,100.0,5,100.0,3,100.0,12,99.0,27,70.3,284.0,60.8,244.0,96.8,45,100.0,2,81.2,148,0,1,0
HARVARD UNIVERSITY,98.4,98.5,97.4,97.39255103875432,96.73535913824308,United States,Americas,3,4,4,100.0,1,100.0,1,96.3,53,100.0,1,74.1,269.0,69.0,215.0,99.6,5,100.0,1,84.4,130,0,1,0
CALIFORNIA INSTITUTE OF TECHNOLOGY (CALTECH),97.7,97.2,96.9,96.87489820870483,97.4423788630045,United States,Americas,1,3,4,96.5,29,95.3,33,100.0,4,100.0,5,100.0,65.0,79.8,172.0,65.5,549,31.0,407,62.5,253,0,1,0
UNIVERSITY OF CAMBRIDGE,95.6,95.6,95.0,98.6012808025644,96.98113027725644,United Kingdom,Europe,3,4,4,100.0,3,100.0,4,100.0,17,84.6,96,100.0,73.0,94.8,98.0,99.3,10,100.0,5,84.8,127,1,0,0
UNIVERSITY OF OXFORD,95.3,96.8,97.2,98.18490223594064,97.07134743459665,United Kingdom,Europe,3,4,4,100.0,2,100.0,5,100.0,8,84.8,93,98.1,120.0,97.7,73.0,100.0,1,100.0,3,85.0,126,1,0,0
IMPERIAL COLLEGE LONDON,93.7,93.3,94.1,96.81042134128106,98.07444726641396,United Kingdom,Europe,3,4,4,98.5,22,99.5,11,98.2,45,93.9,54,100.0,66.0,99.6,44.0,97.4,34,93.4,61,99.7,6,1,0,0
UNIVERSITY OF CHICAGO,93.5,93.2,92.0,93.02790811004428,88.87474530665659,United States,Americas,3,4,4,99.1,17,96.4,29,94.2,69,60.8,197,79.0,244.0,87.0,140.0,85.1,245,99.1,16,46.9,330,0,1,0
PRINCETON UNIVERSITY,91.0,90.9,90.9,89.07508642886131,84.74094793768589,United States,Americas,2,3,4,99.8,10,98.3,19,57.0,258,100.0,3,9.6,701.0,56.6,264.0,78.3,354,95.7,48,51.5,312,0,1,0
CORNELL UNIVERSITY,90.7,90.5,89.3,87.00845244901461,84.83129420935944,United States,Americas,3,4,4,98.3,25,93.1,42,52.7,289,97.5,43,54.2,347.0,63.4,237.0,94.0,99,97.1,34,72.1,208,0,1,0
NATIONAL UNIVERSITY OF SINGAPORE (NUS),90.5,92.0,91.8,92.5116035395526,91.03636256699733,Singapore,Asia,4,4,4,99.5,15,91.1,48,68.8,189,93.1,61,100.0,41.0,88.9,129.0,91.6,146,100.0,6,97.7,26,1,0,0
YALE UNIVERSITY,90.4,89.6,87.7,88.88037929691657,85.6954492719388,United States,Americas,3,4,4,99.9,9,99.9,7,100.0,3,38.6,363,91.5,181.0,63.3,238.0,93.9,100,98.5,21,92.2,76,0,1,0
JOHNS HOPKINS UNIVERSITY,89.8,85.9,83.9,84.94319202638818,85.75662334177565,United States,Americas,3,4,4,86.0,53,62.6,129,100.0,7,84.2,99,63.7,307.0,95.8,92.0,98.7,15,71.5,152,61.9,258,0,1,0
COLUMBIA UNIVERSITY,88.9,88.5,87.4,86.5268806846662,83.26137811334644,United States,Americas,4,4,4,99.6,12,98.8,15,100.0,16,31.7,417,41.5,413.0,97.0,79.0,98.5,19,99.9,9,71.8,211,0,1,0
UNIVERSITY OF PENNSYLVANIA,88.7,86.5,88.9,90.4249285466224,90.62544379981242,United States,Americas,3,4,4,96.3,31,91.9,45,99.8,28,74.0,138,90.9,188.0,66.2,226.0,91.9,137,100.0,7,93.0,71,0,1,0
DUKE UNIVERSITY,87.0,83.9,83.8,74.67248373276726,72.99662068698188,United States,Americas,3,4,4,86.0,52,74.7,86,100.0,6,35.1,382,16.3,647.0,61.0,243.0,93.3,111,85.5,99,75.0,186,0,1,0
TSINGHUA UNIVERSITY,85.6,87.2,88.6,89.92827028750975,90.14419490338592,China (Mainland),Asia,4,4,4,99.2,16,97.7,22,95.0,62,99.1,26,18.1,623.0,13.4,654.0,79.2,337,92.3,68,40.4,363,1,0,0
NORTHWESTERN UNIVERSITY,84.8,81.5,81.5,81.68477411520539,78.58945732051006,United States,Americas,3,4,4,84.0,58,68.0,107,97.6,48,67.7,161,45.4,393.0,52.0,283.0,89.4,179,96.8,37,55.4,285,0,1,0
THE UNIVERSITY OF TOKYO,84.8,85.3,84.3,85.20323639276955,81.5615624053357,Japan,Asia,3,4,4,100.0,7,99.8,9,89.3,89,57.3,215,10.1,701.0,29.7,432.0,87.4,207,99.9,10,98.3,22,1,0,0
UNIVERSITY OF TORONTO,84.0,83.0,82.1,81.33571583751097,78.62181363512101,Canada,Americas,4,4,4,99.7,11,96.9,27,44.9,344,50.8,257,96.9,132.0,96.1,90.0,97.7,29,98.7,19,100.0,1,1,0,0
MCGILL UNIVERSITY,83.9,81.7,80.4,81.7865229286821,79.448648107895,Canada,Americas,3,4,4,94.3,34,87.6,56,62.3,224,57.9,212,83.7,225.0,89.6,124.0,94.2,94,98.3,24,99.1,13,1,0,0
THE UNIVERSITY OF MANCHESTER,83.0,82.9,82.7,82.1429875154821,77.20216990599269,United Kingdom,Europe,4,4,4,95.6,33,98.1,20,51.3,297,45.1,307,93.1,169.0,99.2,55.0,99.2,12,87.6,90,99.8,3,1,0,0
KYOTO UNIVERSITY,81.5,81.2,80.5,81.25068013850264,78.12577263952815,Japan,Asia,3,4,4,98.8,18,99.0,13,94.2,68,39.3,357,15.9,653.0,19.0,566.0,85.7,236,72.8,147,85.2,124,1,0,0
PEKING UNIVERSITY,80.8,82.6,84.3,91.17251739239748,91.5187863962795,China (Mainland),Asia,4,4,4,99.5,13,96.6,28,92.6,75,97.7,40,50.3,365.0,23.6,497.0,79.8,329,94.2,56,46.9,330,1,0,0
FUDAN UNIVERSITY,80.6,77.6,78.6,81.40098925464136,81.58622142769141,China (Mainland),Asia,4,4,4,85.7,54,87.8,55,79.7,140,80.7,107,88.4,201.0,35.1,390.0,67.2,519,64.4,183,82.7,142,1,0,0
THE UNIVERSITY OF MELBOURNE,80.4,80.1,79.5,81.42528223365585,80.48220567478421,Australia,Oceania,4,4,4,98.5,21,93.9,39,15.4,701,93.0,62,95.1,148.0,99.8,39.0,97.4,33,96.5,39,99.6,9,1,0,0
UNIVERSITY OF BRISTOL,79.5,74.9,74.5,69.89233314763462,70.18793945490049,United Kingdom,Europe,3,4,4,75.8,78,82.5,69,36.7,437,75.9,134,87.5,206.0,89.8,121.0,94.6,84,51.2,250,98.9,17,1,0,0
THE CHINESE UNIVERSITY OF HONG KONG (CUHK),78.8,75.6,75.9,80.42903167236719,81.07139570328806,Hong Kong SAR,Asia,3,4,4,86.7,51,53.3,159,64.2,212,92.9,64,100.0,58.0,87.5,137.0,74.2,419,89.0,82,86.7,114,1,0,0
CARNEGIE MELLON UNIVERSITY,78.6,76.6,74.8,74.46988799876362,70.76354364730574,United States,Americas,3,4,4,69.8,92,80.1,75,40.9,383,98.9,28,33.7,472.0,99.1,58.0,79.9,324,61.5,196,24.5,492,0,1,0
CITY UNIVERSITY OF HONG KONG,78.4,72.1,73.6,73.43928928837215,75.58637606126149,Hong Kong SAR,Asia,2,3,4,60.9,120,30.8,305,89.5,88,100.0,6,100.0,13.0,100.0,7.0,62.9,588,37.5,342,72.9,201,1,0,0
THE UNIVERSITY OF SYDNEY,78.0,78.3,77.8,79.41862957656613,78.73631108014297,Australia,Oceania,4,4,4,96.4,30,90.0,51,10.9,701,93.7,56,99.9,87.0,100.0,17.0,95.8,61,93.1,63,99.6,7,1,0,0
UNIVERSITY OF BRITISH COLUMBIA,77.9,75.8,74.1,76.91148757452743,75.85801967829565,Canada,Americas,4,4,4,98.3,23,94.3,36,34.5,459,57.7,214,95.5,142.0,72.8,200.0,96.2,53,74.6,141,99.8,4,1,0,0
NEW YORK UNIVERSITY (NYU),77.3,77.7,78.8,80.21141077779342,78.89708650151823,United States,Americas,4,4,4,96.3,32,98.8,14,90.5,83,28.6,453,30.2,492.0,98.1,68.0,92.6,126,98.4,22,95.4,55,0,1,0
BROWN UNIVERSITY,76.5,72.0,71.5,69.45883567633888,66.49905669152119,United States,Americas,2,4,4,59.9,123,49.6,180,77.7,151,76.4,130,79.9,239.0,50.9,289.0,83.2,277,63.6,186,46.6,333,0,1,0
DELFT UNIVERSITY OF TECHNOLOGY,76.1,73.3,74.2,69.85682408381953,71.68788378974497,Netherlands,Europe,3,3,4,74.4,82,83.0,66,39.4,396,79.7,110,100.0,69.0,91.4,117.0,93.7,105,54.8,227,99.1,14,1,0,0
UNIVERSITY OF WISCONSIN-MADISON,75.8,73.2,71.8,63.55510994228469,58.599096738985125,United States,Americas,4,4,4,77.7,74,47.8,193,74.3,170,23.7,513,35.3,454.0,23.6,498.0,91.6,149,81.6,116,59.6,269,1,0,0
THE UNIVERSITY OF WARWICK,74.4,72.9,70.4,68.984490051661,62.2276676272666,United Kingdom,Europe,3,4,4,72.2,86,86.4,61,35.5,445,37.7,367,98.1,119.0,99.1,57.0,94.2,92,65.7,175,89.7,98,1,0,0
UNIVERSITY OF AMSTERDAM,74.3,71.1,69.0,70.99302004999998,70.85823379494911,Netherlands,Europe,4,4,4,83.8,60,52.1,163,21.4,648,92.2,67,96.0,139.0,87.5,138.0,96.3,50,79.8,124,38.2,384,1,0,0
MONASH UNIVERSITY,73.1,70.4,70.9,71.45711079238168,73.28289794559211,Australia,Oceania,4,4,4,89.2,47,79.6,78,9.4,701,87.6,84,100.0,59.0,100.0,24.0,94.8,81,79.4,126,98.2,23,1,0,0
UNIVERSITY OF WASHINGTON,72.9,67.8,67.9,64.57780500307416,62.185437118289535,United States,Americas,4,4,4,81.9,66,55.5,150,28.6,542,78.8,119,11.0,701.0,32.8,407.0,95.6,67,68.7,170,66.5,235,1,0,0
SHANGHAI JIAO TONG UNIVERSITY,72.5,70.4,70.5,77.28167857416116,76.25822807509977,China (Mainland),Asia,4,4,4,84.0,57,86.3,62,58.6,251,99.6,17,23.1,558.0,19.6,553.0,73.7,424,73.5,144,80.3,154,1,0,0
OSAKA UNIVERSITY,72.1,67.7,66.5,68.11720552050818,63.69814331957119,Japan,Asia,3,4,4,82.4,64,87.0,58,45.2,343,54.9,232,23.9,549.0,12.2,675.0,68.2,512,33.0,387,68.0,228,1,0,0
UNIVERSITY OF GLASGOW,71.6,67.4,68.2,64.52437188496782,61.790098134263886,United Kingdom,Europe,4,4,4,77.4,75,67.7,110,38.0,418,32.5,405,95.7,141.0,99.4,49.0,97.6,30,33.5,378,98.5,20,1,0,0
UNIVERSITY OF TEXAS AT AUSTIN,70.6,68.7,68.6,67.28439968290809,64.12435469051547,United States,Americas,4,4,4,93.5,38,86.6,60,8.1,701,76.7,128,6.1,701.0,11.7,685.0,91.7,144,81.7,113,52.1,305,1,0,0
UNIVERSITY OF ILLINOIS AT URBANA-CHAMPAIGN,70.3,67.0,65.9,63.51497667010196,61.62968995295536,United States,Americas,4,4,4,83.9,59,75.7,84,6.4,701,77.5,124,14.0,686.0,56.3,266.0,90.4,165,81.7,114,65.0,241,1,0,0
POHANG UNIVERSITY OF SCIENCE AND TECHNOLOGY (POSTECH),69.4,63.0,62.6,67.60383955002607,67.45898454445594,South Korea,Asia,1,2,4,45.9,178,80.0,76,99.9,24,96.9,45,27.6,511.0,2.7,701.0,26.6,701+,11.0,701,36.6,393,0,1,0
UNIVERSITY OF COPENHAGEN,69.2,63.5,63.8,63.98126042827536,62.5714913266301,Denmark,Europe,4,4,4,74.0,83,31.6,299,99.8,27,23.1,519,84.9,221.0,15.6,613.0,98.2,22,90.8,72,73.2,198,1,0,0
UNIVERSITY OF ZURICH,69.2,63.6,65.8,63.62438917510221,60.398429480905484,Switzerland,Europe,3,2,4,59.9,124,26.4,361,92.2,78,40.1,352,100.0,71.0,42.8,338.0,94.3,90,88.6,84,58.7,273,1,0,0
NATIONAL TAIWAN UNIVERSITY (NTU),69.0,66.3,67.3,65.59948866997843,62.94600933829454,Taiwan,Asia,4,4,4,93.4,39,92.1,44,25.5,583,44.3,310,16.7,644.0,27.4,451.0,71.5,459,99.9,11,90.0,94,1,0,0
TOHOKU UNIVERSITY,69.0,64.3,63.7,64.83094425304225,63.6275766577082,Japan,Asia,3,4,4,73.8,84,82.8,67,97.8,47,23.9,510,14.1,682.0,11.4,689.0,68.3,510,22.6,507,78.6,164,1,0,0
DURHAM UNIVERSITY,68.5,65.7,64.2,60.84309075277064,54.96400126084205,United Kingdom,Europe,3,4,4,59.6,126,83.9,65,26.3,567,40.9,342,97.3,125.0,84.9,153.0,89.7,172,39.4,326,98.6,19,1,0,0
LUND UNIVERSITY,68.5,62.1,61.8,59.9682352726896,61.33279099934611,Sweden,Europe,3,4,4,68.3,96,52.5,160,55.5,271,44.6,309,97.4,124.0,73.4,198.0,96.7,48,86.5,95,99.6,8,1,0,0
BOSTON UNIVERSITY,67.2,62.0,60.5,57.07819206397997,53.92887594173418,United States,Americas,3,4,4,61.9,111,69.1,104,38.3,413,41.3,336,34.3,468.0,88.9,130.0,86.9,216,77.2,132,65.9,236,0,1,0
THE UNIVERSITY OF AUCKLAND,67.0,62.8,63.4,62.5513426979001,63.23838574145218,New Zealand,Oceania,4,4,4,82.2,65,44.7,205,15.5,701,66.9,166,100.0,76.0,84.0,156.0,87.4,206,92.9,64,99.7,5,1,0,0
THE UNIVERSITY OF SHEFFIELD,67.0,64.8,64.2,59.44097447624561,56.661681907509085,United Kingdom,Europe,3,4,4,58.3,132,48.7,187,52.5,290,43.9,313,83.3,228.0,96.8,80.0,95.8,62,33.8,374,97.7,24,1,0,0
UNIVERSITY OF BIRMINGHAM,66.8,63.5,64.0,60.99282113640104,59.65319359222749,United Kingdom,Europe,4,4,4,68.9,94,69.0,105,39.0,402,40.5,348,92.6,171.0,89.3,127.0,97.5,31,44.5,285,96.8,35,1,0,0
ZHEJIANG UNIVERSITY,65.9,67.5,72.4,79.17361179469384,76.29972990748661,China (Mainland),Asia,4,4,4,75.3,79,95.4,32,54.7,277,99.5,19,95.0,149.0,15.9,608.0,91.8,138,55.5,224,30.7,440,1,0,0
RICE UNIVERSITY,65.6,62.6,63.1,58.69115912559439,57.21629933962605,United States,Americas,2,3,4,39.1,220,27.3,350,62.5,222,87.9,83,77.5,247.0,94.1,99.0,62.2,602,29.5,421,20.6,529,0,1,0
KOREA UNIVERSITY,65.5,62.7,63.4,66.8333870972885,67.53028292779993,South Korea,Asia,3,4,4,78.2,72,93.8,40,73.0,178,45.0,308,15.2,665.0,45.7,321.0,65.7,547,89.0,81,85.2,124,0,1,0
UNIVERSITY OF ALBERTA,65.5,58.1,57.3,56.807516634013375,55.74876744302354,Canada,Americas,4,4,4,57.0,136,42.2,222,39.1,400,61.3,194,98.3,116.0,71.0,207.0,96.0,55,70.0,159,97.6,28,1,0,0
UNIVERSITY OF ST ANDREWS,65.3,61.4,59.9,59.36146258553431,57.81122485659766,United Kingdom,Europe,2,2,4,46.5,174,63.2,126,64.7,206,49.2,272,98.4,113.0,100.0,29.0,83.8,266,18.5,594,91.1,86,1,0,0
PENNSYLVANIA STATE UNIVERSITY,65.2,61.9,61.7,60.73690435417946,56.01142238777146,United States,Americas,4,4,4,76.6,77,64.5,121,25.0,592,55.4,226,25.1,533.0,28.0,446.0,97.9,28,61.9,193,96.5,37,1,0,0
THE HONG KONG POLYTECHNIC UNIVERSITY,65.0,59.1,61.9,68.86073793196636,72.57228707978092,Hong Kong SAR,Asia,3,3,4,68.0,99,35.6,265,65.0,204,94.9,51,100.0,39.0,91.9,110.0,78.9,338,64.5,181,77.4,173,1,0,0
UNIVERSITY OF SCIENCE AND TECHNOLOGY OF CHINA,64.9,60.8,62.3,60.59719008233117,61.88702794524598,China (Mainland),Asia,3,3,4,50.0,162,23.7,402,94.7,63,97.7,38,11.6,701.0,5.1,701.0,75.7,393,31.9,395,11.9,622,1,0,0
UNIVERSITY OF GENEVA,64.7,58.4,58.1,54.37209582766166,50.52452992584352,Switzerland,Europe,3,4,4,45.5,183,17.2,499,40.4,387,62.4,189,100.0,51.0,97.6,74.0,94.2,93,49.5,258,42.3,355,1,0,0
WASHINGTON UNIVERSITY IN ST. LOUIS,64.6,59.5,58.3,55.72665967395572,53.263200118671854,United States,Americas,3,4,4,36.3,241,12.0,601,99.7,29,47.7,283,85.4,220.0,72.4,201.0,83.6,270,31.9,396,86.7,114,0,1,0
UNIVERSITY OF LEEDS,64.5,62.0,61.7,62.64844764092857,59.77899625655061,United Kingdom,Europe,4,4,4,70.5,91,75.9,83,36.4,438,39.8,355,82.5,230.0,88.5,132.0,98.8,14,50.9,251,71.8,211,1,0,0
UNIVERSITY OF HELSINKI,63.9,57.9,58.4,57.716290088687,53.76248328395803,Finland,Europe,3,3,4,62.3,110,29.1,324,59.4,246,49.6,267,73.4,272.0,5.7,701.0,96.9,43,90.5,74,94.5,60,1,0,0
UNIVERSITY OF SOUTHAMPTON,63.9,61.6,60.6,64.84842554174764,59.00860368397438,United Kingdom,Europe,3,4,4,50.1,161,44.3,208,40.7,385,83.4,100,92.5,173.0,98.0,70.0,97.1,40,49.2,261,96.9,34,1,0,0
EINDHOVEN UNIVERSITY OF TECHNOLOGY,63.6,59.8,58.9,52.60024535272945,50.99455711789392,Netherlands,Europe,2,2,4,28.7,306,72.1,96,35.7,442,79.3,114,100.0,75.0,82.7,164.0,70.8,472,24.2,468,29.8,445,1,0,0
PURDUE UNIVERSITY,63.2,59.5,57.8,54.0953937794987,52.98787993515552,United States,Americas,4,4,4,63.3,107,81.1,71,11.4,701,54.3,235,79.6,242.0,45.2,325.0,92.9,123,63.1,188,90.1,93,1,0,0
YONSEI UNIVERSITY,62.3,58.9,58.7,66.90840860205896,71.79431268681543,South Korea,Asia,3,4,4,81.5,67,97.0,25,84.2,112,44.1,312,20.7,590.0,51.2,287.0,78.7,343,87.8,88,88.9,103,0,1,0
LEIDEN UNIVERSITY,61.5,55.0,55.4,53.97220185066528,52.81912949978733,Netherlands,Europe,4,4,4,68.4,95,32.9,288,21.3,649,54.5,234,85.0,220.0,51.7,284.0,95.2,72,48.8,263,25.5,488,1,0,0
THE UNIVERSITY OF ADELAIDE,61.5,56.6,58.6,56.946350359631246,57.42328009712824,Australia,Oceania,3,4,4,56.0,138,38.9,242,17.9,701,87.0,86,100.0,78.0,99.3,53.0,93.6,108,51.5,246,95.7,49,1,0,0
UTRECHT UNIVERSITY,61.5,54.5,54.5,56.17447716218621,56.52147004089495,Netherlands,Europe,4,4,4,66.5,103,38.8,244,31.0,508,79.5,112,55.7,337.0,19.4,559.0,97.3,37,54.7,228,61.9,258,1,0,0
UPPSALA UNIVERSITY,61.4,55.8,55.5,54.21798530646186,55.999065293368666,Sweden,Europe,3,4,4,61.4,115,33.7,277,52.0,292,42.3,326,99.4,99.0,81.1,170.0,96.7,49,68.4,171,99.2,11,1,0,0
UNIVERSITY OF GRONINGEN,61.3,55.2,56.1,51.30271324178393,51.46417772782744,Netherlands,Europe,4,4,4,52.3,156,34.4,275,49.3,318,41.2,339,93.2,168.0,83.5,161.0,94.1,97,40.0,319,40.1,368,1,0,0
NANJING UNIVERSITY,60.8,55.0,54.5,53.81618312686663,55.46763212028087,China (Mainland),Asia,4,4,4,57.1,135,32.5,290,35.6,443,93.0,63,61.9,317.0,7.6,701.0,67.1,520,29.0,430,16.5,567,1,0,0
UNIVERSITI MALAYA (UM),60.8,62.6,67.1,67.8265979652636,70.08404805840226,Malaysia,Asia,3,4,4,82.9,62,95.1,34,75.7,163,29.1,447,60.2,324.0,64.2,234.0,91.8,140,69.3,163,83.6,132,1,0,0
NAGOYA UNIVERSITY,60.7,57.3,55.8,56.226267956313954,55.770695485456685,Japan,Asia,3,4,4,63.2,108,65.8,117,84.7,107,25.4,494,14.5,671.0,19.6,550.0,64.8,559,21.5,533,75.0,186,1,0,0
TECHNICAL UNIVERSITY OF DENMARK,60.7,57.1,57.4,57.908790177924566,61.77595772893047,Denmark,Europe,2,2,4,33.2,265,22.1,421,99.1,34,84.4,98,100.0,55.0,87.7,135.0,88.1,194,43.6,293,47.9,328,1,0,0
AARHUS UNIVERSITY,59.3,50.7,51.0,48.48054136765989,48.806212617966175,Denmark,Europe,3,4,4,54.7,144,27.6,349,30.8,509,63.8,177,89.8,192.0,11.9,682.0,96.1,54,69.5,162,76.4,176,1,0,0
HOKKAIDO UNIVERSITY,59.0,53.6,52.9,51.81748595773159,52.08371131163405,Japan,Asia,3,4,4,59.0,128,63.3,125,76.2,158,26.0,485,18.7,613.0,12.1,677.0,77.7,365,15.5,645,78.1,168,1,0,0
KYUSHU UNIVERSITY,58.2,54.1,52.9,53.44798628915972,53.04697603429269,Japan,Asia,3,4,4,58.3,133,66.5,113,78.4,149,27.9,466,18.7,613.0,14.1,640.0,69.9,488,15.1,657,77.6,170,1,0,0
UNIVERSITY OF SOUTHERN CALIFORNIA,57.2,56.2,53.1,53.6220630091976,45.82652856865271,United States,Americas,4,4,4,50.4,160,54.5,156,17.3,701,58.0,211,26.0,523.0,74.1,192.0,85.8,235,92.6,66,97.7,24,0,1,0
CHALMERS UNIVERSITY OF TECHNOLOGY,57.1,53.6,54.0,54.450088983589936,49.45843178812533,Sweden,Europe,2,2,4,26.3,338,50.4,177,50.5,306,77.4,125,100.0,56.0,63.1,240.0,77.0,378,31.7,399,87.0,113,0,1,0
LANCASTER UNIVERSITY,56.3,53.0,53.2,51.13708542538481,48.12793593922637,United Kingdom,Europe,3,4,4,38.9,222,36.7,255,27.7,551,69.6,157,93.3,166.0,92.3,105.0,89.7,171,28.8,431,96.2,44,1,0,0
UNIVERSITY OF YORK,56.3,52.4,50.5,48.318864466687856,45.10825252632666,United Kingdom,Europe,3,4,4,42.9,201,30.1,313,43.0,364,40.1,353,87.8,204.0,75.6,184.0,92.5,128,23.5,480,97.4,29,1,0,0
AALTO UNIVERSITY,56.0,50.8,52.4,55.82938665964971,50.63231619230452,Finland,Europe,3,2,4,45.7,180,40.6,231,33.2,476,73.6,141,95.2,146.0,40.1,354.0,78.2,355,95.1,52,94.7,59,1,0,0
CARDIFF UNIVERSITY,56.0,50.3,49.0,47.68779379668757,43.93056270119492,United Kingdom,Europe,3,4,4,46.8,171,43.2,213,36.1,441,30.0,437,82.8,229.0,67.7,219.0,92.3,132,18.9,584,96.0,46,1,0,0
MCMASTER UNIVERSITY,55.8,50.1,51.2,50.27178029681285,46.89970450051577,Canada,Americas,3,4,4,39.5,215,34.2,276,63.8,215,35.6,380,96.2,136.0,56.7,263.0,82.6,284,49.9,255,91.9,78,1,0,0
UNIVERSITY OF OSLO,55.5,51.9,54.7,58.58660867856416,56.088701067699766,Norway,Europe,3,4,4,55.6,139,16.0,534,73.8,175,55.7,225,91.6,180.0,31.7,416.0,97.3,35,80.9,121,72.1,208,1,0,0
UNIVERSITY OF PITTSBURGH,55.5,51.8,51.2,45.56385348596452,42.07732104267906,United States,Americas,3,4,4,35.0,251,12.7,601,96.3,52,31.3,420,9.5,701.0,13.5,650.0,91.7,141,42.6,303,53.5,295,1,0,0
UNIVERSITY OF LAUSANNE,54.5,49.5,49.2,42.91028682662359,40.6431424456205,Switzerland,Europe,3,2,4,28.4,310,18.8,471,36.8,435,61.0,195,100.0,67.0,54.2,271.0,79.8,328,51.8,244,51.2,313,1,0,0
EMORY UNIVERSITY,54.4,49.6,48.6,49.43098816496722,50.89083271785595,United States,Americas,3,4,4,25.2,349,19.0,469,93.8,70,78.4,120,52.2,355.0,33.9,399.0,85.6,237,22.8,502,37.0,391,0,1,0
MICHIGAN STATE UNIVERSITY,54.3,50.7,51.1,48.81325477039234,44.493467839757166,United States,Americas,4,4,4,59.5,127,48.6,188,11.4,701,50.3,259,54.5,344.0,12.4,668.0,97.5,32,57.1,211,96.3,41,1,0,0
UNIVERSITY OF BASEL,54.3,48.4,50.0,53.15832443725614,52.630672218254674,Switzerland,Europe,2,4,4,26.6,331,13.5,601,61.4,232,94.5,53,100.0,44.0,85.8,147.0,89.4,176,69.9,160,44.6,343,1,0,0
UNIVERSITY OF OTAGO,54.2,46.4,46.7,41.91407970987191,37.78508552387456,New Zealand,Oceania,3,4,4,45.0,187,24.6,388,12.8,701,38.8,361,100.0,50.0,37.6,375.0,79.5,332,59.1,208,96.0,48,1,0,0
UNIVERSITY OF WATERLOO,53.7,48.0,46.8,49.95654601863348,47.1718232173654,Canada,Americas,4,3,4,40.4,211,64.2,124,6.5,701,78.9,118,75.8,257.0,71.3,206.0,84.6,256,58.9,209,93.3,68,1,0,0
HANYANG UNIVERSITY,53.2,49.4,50.3,49.36523535013652,50.036957112066894,South Korea,Asia,3,4,4,43.0,199,78.0,81,77.1,153,28.5,458,17.4,636.0,57.6,257.0,63.0,584,43.3,295,85.8,121,0,1,0
UNIVERSITY OF ABERDEEN,52.7,46.6,44.6,41.496323978705576,37.49818699705559,United Kingdom,Europe,3,4,4,30.5,292,28.8,330,32.7,482,32.0,412,94.5,154.0,92.6,103.0,88.5,190,22.2,519,96.5,37,1,0,0
UNIVERSITY OF BATH,52.6,48.6,47.0,45.65230327108396,44.03210780465727,United Kingdom,Europe,3,3,4,35.8,245,67.9,109,18.3,701,52.0,250,94.3,159.0,80.0,171.0,84.2,259,35.2,360,90.4,92,1,0,0
NATIONAL TSING HUA UNIVERSITY,52.4,48.0,46.8,45.833470680629965,45.743424851063686,Taiwan,Asia,2,3,4,54.8,143,71.2,99,28.0,549,49.6,268,9.5,701.0,11.1,695.0,45.0,701+,16.3,629,32.1,428,1,0,0
NEWCASTLE UNIVERSITY,52.4,50.7,50.9,54.66263192960776,49.57996104951778,United Kingdom,Europe,3,4,4,50.0,164,59.3,137,39.2,399,38.7,362,89.5,193.0,68.6,217.0,97.1,42,31.3,403,97.1,30,1,0,0
UNIVERSITY OF BERGEN,52.1,46.8,48.1,42.61968720458187,37.74393126304044,Norway,Europe,3,4,4,31.6,280,8.3,601,64.9,205,28.3,460,93.3,167.0,16.9,589.0,90.7,160,63.9,184,33.6,416,1,0,0
UNIVERSITY OF BERN,51.9,51.1,54.3,55.5875109201616,49.59188625351353,Switzerland,Europe,2,2,4,29.7,298,16.1,530,45.9,338,99.3,22,100.0,48.0,38.0,370.0,93.8,103,30.7,410,52.1,305,1,0,0
DARTMOUTH COLLEGE,51.3,45.8,43.1,42.71417618872607,40.13635967141118,United States,Americas,2,4,4,22.8,392,31.0,303,65.8,200,60.6,200,9.2,701.0,40.9,351.0,42.5,701+,68.8,168,71.2,214,0,1,0
POLITECNICO DI MILANO,50.9,48.7,50.4,52.345188277109685,51.603037142441245,Italy,Europe,4,2,4,70.8,90,77.0,82,5.8,701,40.2,351,67.4,292.0,56.8,262.0,88.1,197,52.9,239,72.6,202,1,0,0
INDIAN INSTITUTE OF TECHNOLOGY DELHI (IITD),50.7,46.6,46.2,46.47116585596035,49.06468021842576,India,Asia,2,2,4,54.1,147,80.9,73,17.3,701,77.4,126,3.1,701.0,1.5,701.0,63.3,582,35.1,361,32.7,424,1,0,0
UNIVERSITY OF LIVERPOOL,50.3,49.4,46.3,44.49637706878492,46.09700125035656,United Kingdom,Europe,3,4,4,46.1,176,39.4,239,37.8,422,36.6,373,88.3,203.0,85.4,150.0,97.2,38,36.3,351,95.6,50,1,0,0
UNIVERSITY OF VIRGINIA,50.3,44.8,44.1,38.27670359539293,35.617508323716585,United States,Americas,3,4,4,37.3,230,27.3,353,55.8,267,29.1,446,6.1,701.0,11.3,690.0,81.6,295,77.9,129,35.4,400,1,0,0
UNIVERSITY OF FLORIDA,49.8,45.9,47.7,45.25032805363469,43.45916996324876,United States,Americas,4,4,4,46.7,172,42.3,220,62.9,220,32.1,411,17.8,630.0,10.3,701.0,98.3,21,44.5,286,60.6,266,1,0,0
INDIAN INSTITUTE OF TECHNOLOGY BOMBAY (IITB),49.7,48.2,49.4,46.58219462737632,51.15185919931826,India,Asia,3,2,4,58.5,131,86.0,63,14.4,701,79.1,116,4.3,701.0,1.3,701.0,52.3,701+,64.5,182,52.5,302,1,0,0
UNIVERSITY OF TWENTE,49.7,46.6,45.2,42.3038310704706,42.05782290281229,Netherlands,Europe,2,3,4,20.7,424,32.0,294,43.3,362,61.3,193,100.0,83.0,90.4,119.0,87.6,202,20.0,562,13.8,603,1,0,0
UNIVERSIDADE ESTADUAL DE CAMPINAS (UNICAMP),49.5,43.3,42.1,42.41552022101277,41.35785694156437,Brazil,Americas,4,4,4,71.8,87,40.3,236,14.7,701,24.3,506,10.7,701.0,2.7,701.0,85.4,241,25.1,465,65.9,236,1,0,0
VRIJE UNIVERSITEIT BRUSSEL (VUB),49.5,45.2,44.5,38.44581330751689,37.26193803998817,Belgium,Europe,3,4,4,23.3,381,13.7,592,76.1,159,18.2,581,93.6,165.0,58.2,255.0,93.1,115,51.8,243,72.1,208,1,0,0
UNIVERSITY OF ROCHESTER,49.3,45.5,47.3,51.05579884089967,45.69355069929341,United States,Americas,2,4,4,22.6,396,20.8,441,99.1,35,33.6,395,63.9,306.0,93.8,100.0,64.3,568,40.4,316,63.7,247,0,1,0
UNIVERSITY OF READING,49.1,44.4,43.3,40.36248100626488,41.18590106070648,United Kingdom,Europe,3,3,4,32.2,273,41.7,226,13.1,701,65.7,169,86.2,214.0,78.6,177.0,91.7,142,47.8,268,94.0,61,1,0,0
UNIVERSITY OF CAPE TOWN,48.9,43.9,44.1,39.31138341002178,39.296546714997454,South Africa,Africa,3,4,4,45.2,185,51.8,170,13.8,701,46.8,294,56.5,335.0,19.2,563.0,97.3,36,95.8,46,95.6,50,1,0,0
KEIO UNIVERSITY,48.5,44.1,44.0,43.989369642047286,43.94930864937308,Japan,Asia,4,4,4,53.0,151,91.6,46,57.2,257,5.1,701,9.4,701.0,10.2,701.0,57.5,658,91.4,69,59.0,271,0,1,0
STOCKHOLM UNIVERSITY,48.1,43.9,44.8,50.028278712252366,50.02821281710629,Sweden,Europe,3,3,4,52.5,155,21.0,436,26.7,563,64.5,174,80.7,235.0,89.8,122.0,95.7,65,86.6,94,58.7,273,1,0,0
TEXAS A&M UNIVERSITY,48.1,43.5,45.0,47.79475565289312,46.67624049711151,United States,Americas,4,4,4,61.2,116,66.0,115,4.4,701,64.3,176,21.9,569.0,12.1,678.0,92.6,125,44.4,287,39.5,371,1,0,0
UNIVERSIDAD DE CHILE,47.8,42.6,45.0,47.39100962307487,46.76894962629856,Chile,Americas,4,4,4,82.8,63,90.0,52,8.0,701,11.2,701,8.5,701.0,4.5,701.0,77.1,377,96.1,42,64.1,245,1,0,0
WASEDA UNIVERSITY,47.2,42.6,43.7,42.77576839328152,42.28933313848467,Japan,Asia,4,3,4,60.7,122,96.1,30,23.5,616,3.8,701,27.9,507.0,28.0,445.0,66.4,533,83.7,106,56.1,282,0,1,0
TEL AVIV UNIVERSITY,47.0,40.3,41.3,37.87909864914125,37.83895912492344,Israel,Asia,3,4,4,32.0,275,18.6,474,4.2,701,99.4,20,39.7,419.0,7.0,701.0,77.9,362,88.4,85,46.2,334,1,0,0
ARIZONA STATE UNIVERSITY,46.7,42.3,42.0,41.6982802139324,39.34588903880135,United States,Americas,4,3,4,48.6,165,44.1,209,7.4,701,47.1,289,52.1,357.0,37.2,378.0,95.7,66,23.6,479,96.3,41,1,0,0
UNIVERSITY OF ANTWERP,46.6,40.9,40.9,36.43430146228818,34.322546150189375,Belgium,Europe,3,4,4,24.1,361,11.3,601,37.5,427,48.1,278,94.4,157.0,32.0,415.0,94.6,85,44.8,284,74.8,190,1,0,0
WESTERN UNIVERSITY,46.6,42.0,42.8,46.5949141446335,43.87988416685133,Canada,Americas,4,4,4,32.6,270,38.9,243,3.3,701,93.4,60,99.8,94.0,49.5,299.0,81.5,296,96.7,38,99.3,10,1,0,0
VANDERBILT UNIVERSITY,46.5,44.4,44.0,43.85854679387642,45.99507793222735,United States,Americas,3,4,4,24.4,356,21.8,423,100.0,13,53.0,242,30.1,493.0,36.0,383.0,78.6,344,34.7,364,24.5,492,0,1,0
CASE WESTERN RESERVE UNIVERSITY,46.4,45.4,47.8,46.089780957705166,42.70827760697882,United States,Americas,2,4,4,17.2,523,15.4,546,82.3,119,61.6,191,35.7,447.0,71.7,205.0,55.6,681,29.3,424,53.1,298,0,1,0
UNIVERSITY OF NOTRE DAME,45.9,42.3,42.9,38.88399453949434,32.98370124204683,United States,Americas,3,3,4,25.8,344,25.2,379,60.8,237,29.2,444,22.3,566.0,18.4,575.0,70.1,484,60.2,201,68.9,225,0,1,0
UNIVERSITY OF CALGARY,45.8,40.4,39.7,38.97997527383945,38.61319152204064,Canada,Americas,4,4,4,37.9,227,44.5,207,18.1,701,40.3,350,77.7,246.0,66.2,225.0,85.2,243,53.3,236,93.3,68,1,0,0
VRIJE UNIVERSITEIT AMSTERDAM,45.6,40.0,41.3,42.18278918540273,40.40723982458125,Netherlands,Europe,4,4,4,39.4,217,17.8,494,21.3,650,63.7,179,67.3,293.0,47.4,310.0,89.0,184,45.1,282,50.8,315,1,0,0
VICTORIA UNIVERSITY OF WELLINGTON,45.5,41.0,42.0,36.81214440246914,34.36393922993948,New Zealand,Oceania,3,3,4,42.8,202,21.4,429,10.1,701,32.1,410,100.0,82.0,31.0,420.0,70.7,475,71.6,151,91.4,81,1,0,0
TECHNION - ISRAEL INSTITUTE OF TECHNOLOGY,44.0,38.4,37.2,27.822776462026983,30.486503405549563,Israel,Asia,3,4,4,23.9,369,24.8,385,52.0,293,20.1,555,74.2,266.0,4.3,701.0,59.1,641,35.3,359,15.0,592,1,0,0
GEORGETOWN UNIVERSITY,43.8,40.8,40.1,36.21001117523381,34.69026420204565,United States,Americas,3,4,4,29.3,302,41.9,224,63.0,218,14.0,655,28.0,506.0,37.3,377.0,62.5,597,90.9,71,37.0,391,0,1,0
UNIVERSITY OF SUSSEX,43.7,40.7,38.4,39.17666835165301,33.87509971651736,United Kingdom,Europe,3,4,4,22.6,395,10.4,601,15.5,701,56.8,220,99.6,95.0,84.9,152.0,84.7,252,39.9,322,97.7,26,1,0,0
UNIVERSITI PUTRA MALAYSIA (UPM),43.6,43.8,48.4,54.64562800288943,54.07391945790529,Malaysia,Asia,3,4,4,61.0,118,61.9,131,58.8,250,25.7,490,36.1,441.0,92.0,108.0,80.5,314,17.5,607,53.5,295,1,0,0
UNIVERSITI KEBANGSAAN MALAYSIA (UKM),43.4,45.5,48.3,54.11511155073034,56.63292693396122,Malaysia,Asia,3,4,4,61.7,113,66.4,114,80.4,132,14.1,651,45.7,392.0,78.8,175.0,83.7,269,22.5,510,64.4,243,1,0,0
UNIVERSITY OF WOLLONGONG,43.3,41.4,42.7,45.29868985137772,44.11939946729219,Australia,Oceania,3,4,4,29.5,300,24.5,393,17.0,701,94.6,52,91.8,178.0,56.3,265.0,89.0,185,18.3,596,93.9,62,1,0,0
LOUGHBOROUGH UNIVERSITY,43.1,41.4,41.2,38.05782518140472,36.55724607043991,United Kingdom,Europe,3,3,4,29.7,299,55.3,151,23.8,613,32.4,406,87.1,212.0,68.6,216.0,87.1,214,23.2,488,93.8,64,1,0,0
AMERICAN UNIVERSITY OF BEIRUT (AUB),43.0,39.0,38.7,38.33199864073693,34.99571866100893,Lebanon,Asia,2,4,4,28.6,307,29.5,315,48.5,322,28.9,449,63.2,310.0,37.0,379.0,73.1,438,97.0,35,80.5,152,0,1,0
AL-FARABI KAZAKH NATIONAL UNIVERSITY,42.9,41.3,43.1,50.674813825422426,55.12435132926805,Kazakhstan,Asia,3,4,3,54.2,146,79.6,77,99.3,33,1.4,701,49.0,370.0,54.2,272.0,64.7,561,59.6,206,29.8,445,1,0,0
UNIVERSITY OF LEICESTER,42.8,40.9,39.0,36.52880034368339,33.00212940041924,United Kingdom,Europe,3,4,4,19.8,453,13.7,594,30.8,511,43.4,316,80.0,238.0,95.3,95.0,88.8,187,22.7,504,75.0,186,1,0,0
MACQUARIE UNIVERSITY,42.5,38.0,39.5,44.130711365413525,44.7420803919338,Australia,Oceania,3,4,4,33.4,262,39.2,241,9.1,701,79.6,111,99.9,88.0,91.6,112.0,90.9,157,54.1,231,95.0,57,1,0,0
TUFTS UNIVERSITY,42.0,39.0,37.5,34.08058228553298,30.5490333661761,United States,Americas,3,4,4,16.9,533,7.7,601,53.5,285,45.7,303,23.5,554.0,38.1,369.0,60.2,632,56.1,220,81.0,151,0,1,0
CHULALONGKORN UNIVERSITY,41.8,36.3,38.3,41.33936652932309,39.92808140690787,Thailand,Asia,4,4,4,68.2,97,35.9,261,31.7,499,7.5,701,18.7,617.0,3.0,701.0,79.6,331,93.6,60,73.2,198,1,0,0
SIMON FRASER UNIVERSITY,41.8,36.7,33.4,32.872541868547,28.437768921884597,Canada,Americas,3,3,4,24.0,367,11.4,601,6.2,701,36.6,374,97.0,131.0,83.9,158.0,76.8,382,22.8,503,89.8,96,1,0,0
QUEENSLAND UNIVERSITY OF TECHNOLOGY (QUT),41.6,38.7,40.7,41.44254222246623,38.88923513548028,Australia,Oceania,4,3,4,39.8,214,33.1,285,8.1,701,59.9,202,97.9,122.0,20.7,530.0,83.4,274,19.0,581,89.4,100,1,0,0
RMIT UNIVERSITY,41.6,38.0,39.2,44.54768745853564,47.265984895731584,Australia,Oceania,4,3,4,40.4,210,48.0,192,5.2,701,77.7,122,100.0,45.0,91.4,116.0,83.2,276,38.4,334,93.9,62,1,0,0
NOVOSIBIRSK STATE UNIVERSITY,41.3,38.7,39.8,37.838012785884885,35.099335711841704,Russia,Europe,2,3,4,24.7,354,18.4,480,91.0,81,9.5,701,6.3,701.0,57.0,259.0,56.5,671,5.8,701,5.3,701,1,0,0
UNIVERSITY OF TSUKUBA,41.3,37.1,36.3,34.03658837484862,32.98368739184401,Japan,Asia,3,4,4,36.6,237,22.5,416,54.7,278,17.3,594,12.4,701.0,19.3,561.0,66.9,525,9.8,701,63.4,249,1,0,0
UNIVERSITY OF MIAMI,41.2,38.8,36.1,35.337182121856266,32.698420224008125,United States,Americas,3,4,4,19.0,475,29.5,316,50.0,310,39.3,358,66.7,295.0,16.9,587.0,81.6,294,43.8,292,27.9,462,0,1,0
UNIVERSIDAD NACIONAL DE COLOMBIA,40.9,35.9,37.5,38.84838543870452,39.635745694553655,Colombia,Americas,4,4,3,71.0,88,89.9,53,5.4,701,3.4,701,5.6,701.0,1.4,701.0,65.9,543,42.6,302,53.1,298,1,0,0
KYUNG HEE UNIVERSITY,40.6,36.7,38.3,37.16757146246825,35.9333812278132,South Korea,Asia,3,4,4,23.2,383,37.1,253,82.1,121,15.1,636,14.3,676.0,53.4,276.0,54.5,701+,13.8,699,80.5,152,0,1,0
NORWEGIAN UNIVERSITY OF SCIENCE AND TECHNOLOGY,40.5,30.1,30.5,30.883004872886588,30.66213589666362,Norway,Europe,4,4,4,33.2,264,25.2,378,22.3,629,30.4,435,75.1,264.0,9.3,701.0,94.4,89,89.4,79,85.8,121,1,0,0
ROYAL HOLLOWAY UNIVERSITY OF LONDON,40.5,39.1,34.8,28.281729720476825,23.69687217199344,United Kingdom,Europe,2,3,4,14.9,585,5.7,601,13.0,701,27.2,474,94.1,161.0,86.9,141.0,73.2,434,7.2,701,19.7,537,1,0,0
CURTIN UNIVERSITY,40.4,38.0,39.9,44.32656553845302,42.445001968358994,Australia,Oceania,3,3,4,33.1,266,27.7,348,15.7,701,84.7,95,100.0,49.0,24.3,485.0,94.2,96,31.0,405,90.7,89,1,0,0
NORTH CAROLINA STATE UNIVERSITY,40.3,35.7,35.0,33.99715125322727,31.5643208247484,United States,Americas,4,3,4,26.7,330,25.4,374,9.8,701,63.4,181,55.0,338.0,17.0,585.0,78.1,358,21.5,532,35.7,398,1,0,0
INDIAN INSTITUTE OF TECHNOLOGY MADRAS (IITM),40.2,36.7,36.1,38.54900625884281,41.814895852365375,India,Asia,2,3,4,42.4,203,63.2,127,20.3,663,70.3,154,3.9,701.0,1.6,701.0,37.5,701+,27.0,444,44.6,343,1,0,0
UNIVERSITI SAINS MALAYSIA (USM),40.2,43.0,47.9,51.466037261422926,51.69664328009228,Malaysia,Asia,3,4,4,63.3,106,69.7,103,46.4,331,19.6,560,24.3,545.0,96.4,87.0,87.8,200,20.1,561,71.2,214,1,0,0
ECOLE DES PONTS PARISTECH,39.8,37.0,37.8,46.427449652539686,48.890648344206646,France,Europe,1,2,4,8.9,601,58.5,138,99.0,38,62.6,186,43.5,404.0,96.5,84.0,37.3,701+,59.5,207,10.8,650,1,0,0
UNIVERSITY OF SURREY,39.6,38.3,35.9,34.67377772548764,34.59280964951893,United Kingdom,Europe,3,3,4,19.7,454,17.9,490,22.8,625,55.2,227,97.1,129.0,87.1,139.0,86.4,226,20.4,557,28.4,456,1,0,0
UNIVERSITY OF EAST ANGLIA (UEA),39.5,36.4,33.4,31.482556352603915,27.419427959813294,United Kingdom,Europe,3,4,4,17.2,522,7.2,601,15.2,701,58.7,209,66.8,294.0,32.2,412.0,87.9,199,19.2,575,91.4,81,1,0,0
UNIVERSITY OF TURKU,39.3,35.3,34.9,35.77849445796984,30.630628403502143,Finland,Europe,3,4,4,27.8,317,12.1,601,52.3,291,29.3,442,33.2,477.0,4.4,701.0,86.3,229,39.9,321,52.5,302,1,0,0
UNIVERSITY OF STRATHCLYDE,39.2,36.6,34.7,33.034995797530804,31.01270884300285,United Kingdom,Europe,3,3,4,25.9,343,30.0,314,16.7,701,31.8,416,93.0,170.0,64.0,235.0,85.0,246,33.6,376,88.6,107,1,0,0
DALHOUSIE UNIVERSITY,39.1,35.7,35.4,34.257010991715376,31.53811951900154,Canada,Americas,3,4,4,19.4,463,16.7,513,12.9,701,53.5,239,99.9,86.0,74.6,189.0,77.4,369,30.1,416,87.9,109,1,0,0
WUHAN UNIVERSITY,38.8,37.5,37.2,44.18727567409935,43.2581685607532,China (Mainland),Asia,4,4,4,39.2,218,40.5,233,14.0,701,91.9,69,39.2,423.0,4.9,701.0,78.2,356,46.5,275,22.2,513,1,0,0
UNIVERSITY OF GOTHENBURG,38.6,36.4,37.3,45.28308062116852,43.44195094336903,Sweden,Europe,3,4,4,35.4,247,18.3,481,60.9,235,33.6,394,90.0,191.0,78.2,180.0,94.2,91,63.1,189,92.8,73,1,0,0
NATIONAL TAIWAN NORMAL UNIVERSITY,38.3,34.1,32.3,32.1104816662685,31.67931096878063,Taiwan,Asia,2,3,4,34.7,254,20.5,444,62.9,219,5.4,701,14.5,673.0,25.2,478.0,23.3,701+,17.3,612,49.8,319,1,0,0
UNIVERSITY OF OTTAWA,38.3,35.0,35.2,39.37481079306477,38.37041199353597,Canada,Americas,4,4,4,26.2,340,23.3,406,3.5,701,81.3,106,91.7,179.0,77.8,181.0,93.0,119,39.8,323,92.9,72,1,0,0
BAUMAN MOSCOW STATE TECHNICAL UNIVERSITY,38.2,34.5,35.1,40.23883508653759,46.865373383937246,Russia,Europe,3,3,4,36.2,242,51.9,169,99.9,22,1.4,701,65.6,298.0,70.0,210.0,15.2,701+,7.7,701,6.8,701,1,0,0
UNIVERSITY OF WAIKATO,38.1,36.0,36.6,32.19468320286071,36.14271382181454,New Zealand,Oceania,2,3,4,19.1,473,11.7,601,12.4,701,84.7,94,99.0,107.0,56.9,261.0,55.1,697,46.4,276,89.5,99,1,0,0
DEAKIN UNIVERSITY,37.9,34.0,36.1,37.448093319104025,38.68693013041863,Australia,Oceania,4,4,4,31.3,282,23.9,400,4.6,701,73.6,140,96.4,135.0,63.8,236.0,82.7,280,36.8,347,93.7,66,1,0,0
INDIAN INSTITUTE OF TECHNOLOGY KANPUR (IITK),37.9,35.6,34.8,37.5499113556764,38.22273089688644,India,Asia,2,2,4,36.9,234,56.9,142,14.0,701,73.3,142,2.6,701.0,1.1,701.0,38.8,701+,19.6,567,22.0,516,1,0,0
EWHA WOMANS UNIVERSITY,37.7,33.1,32.3,31.162391789248694,29.26622513973868,South Korea,Asia,3,4,3,22.1,401,21.2,434,76.3,157,6.9,701,7.0,701.0,24.4,483.0,31.3,701+,23.0,496,34.2,413,0,1,0
UNIVERSITY OF PORTO,37.6,32.2,30.9,37.05652670927179,33.82079220244352,Portugal,Europe,4,4,4,41.3,206,17.9,492,10.8,701,59.6,205,6.6,701.0,19.8,543.0,95.1,77,39.1,327,53.1,298,1,0,0
INDIANA UNIVERSITY BLOOMINGTON,37.4,32.7,33.5,31.690180796165013,28.650052117032917,United States,Americas,4,4,4,33.4,261,23.6,403,23.3,618,29.1,445,36.3,438.0,10.8,701.0,86.6,221,56.8,213,32.7,424,1,0,0
POLITECNICO DI TORINO,37.0,28.7,31.2,33.03476963245634,34.640401798309775,Italy,Europe,4,2,4,40.2,213,52.1,165,3.1,701,51.6,254,4.9,701.0,41.0,349.0,81.4,297,30.6,412,77.9,169,1,0,0
UNIVERSIDADE FEDERAL DO RIO DE JANEIRO,36.7,30.3,30.6,32.05664322124147,31.951234599050288,Brazil,Americas,4,4,4,61.9,112,23.3,407,13.7,701,7.8,701,7.6,701.0,1.5,701.0,79.7,330,81.4,117,59.6,269,1,0,0
HERIOT-WATT UNIVERSITY,36.6,34.4,33.4,36.20352982411415,36.41404822643361,United Kingdom,Europe,2,3,4,17.8,507,27.1,356,17.6,701,65.2,171,100.0,79.0,98.1,69.0,75.4,402,26.3,451,25.7,483,1,0,0
UNIVERSITY OF TASMANIA,36.5,35.2,34.8,35.50914952556993,32.10370304296435,Australia,Oceania,2,3,4,16.0,552,7.4,601,22.1,635,59.8,203,79.9,240.0,89.7,123.0,80.0,323,15.9,636,85.6,123,1,0,0
CHARLES UNIVERSITY,36.3,33.2,34.8,35.90376018746469,35.0821250011997,Czech Republic,Europe,4,4,4,45.6,182,49.1,183,32.2,491,8.0,701,25.0,535.0,50.5,291.0,96.3,51,65.5,178,77.4,173,1,0,0
UNIVERSITY OF TARTU,36.3,32.8,34.4,35.35559934346207,34.407751673653124,Estonia,Europe,2,4,4,22.9,391,10.5,601,93.7,71,10.8,701,48.6,372.0,15.1,621.0,88.8,186,85.7,98,18.0,555,1,0,0
MASSEY UNIVERSITY,36.2,32.0,34.9,35.64651847125255,38.32989996132429,New Zealand,Oceania,2,3,4,30.1,293,14.0,585,48.0,324,27.4,473,98.5,112.0,95.2,96.0,85.1,244,49.2,259,91.4,81,1,0,0
TONGJI UNIVERSITY,36.2,34.9,36.7,42.33783695190475,43.8029584932952,China (Mainland),Asia,4,4,4,31.8,276,16.9,508,29.1,533,96.9,44,54.5,345.0,26.5,457.0,72.9,442,24.0,473,81.4,147,1,0,0
UNIVERSITY AT BUFFALO SUNY,36.1,33.4,31.8,27.183842764180625,19.66417689147081,United States,Americas,3,4,4,18.0,503,10.7,601,8.8,701,33.6,393,20.1,596.0,36.9,380.0,68.6,504,33.3,383,82.5,143,1,0,0
SUN YAT-SEN UNIVERSITY,35.9,34.7,34.9,37.248015284662905,35.18604488965749,China (Mainland),Asia,4,4,4,31.8,278,28.8,329,46.4,329,49.5,269,2.2,701.0,3.6,701.0,77.4,370,21.4,536,15.9,581,1,0,0
HIROSHIMA UNIVERSITY,35.8,32.8,32.2,31.718856639252834,29.230807181772157,Japan,Asia,3,4,4,24.1,363,12.3,601,75.9,161,8.9,701,13.2,701.0,12.9,660.0,70.1,485,6.9,701,50.8,315,1,0,0
TOMSK STATE UNIVERSITY,35.7,35.8,36.5,37.49116331577189,36.56831963990975,Russia,Europe,2,3,4,22.0,403,13.5,601,99.0,36,4.2,701,21.6,574.0,91.6,113.0,64.1,571,4.4,701,1.4,701,1,0,0
GRIFFITH UNIVERSITY,35.6,32.1,33.2,35.09519018804163,33.37455537368021,Australia,Oceania,3,4,4,27.0,324,13.7,593,8.4,701,62.5,187,99.8,90.0,38.5,363.0,92.1,135,17.9,602,96.4,40,1,0,0
HARBIN INSTITUTE OF TECHNOLOGY,35.6,35.3,35.7,41.9310523953674,40.43205366820533,China (Mainland),Asia,4,2,4,27.1,321,21.1,435,33.7,468,99.8,14,8.0,701.0,5.0,701.0,68.6,507,28.3,434,14.6,597,1,0,0
BANDUNG INSTITUTE OF TECHNOLOGY (ITB),35.3,30.4,32.3,39.42782731901112,41.28036330764539,Indonesia,Asia,3,3,4,43.2,197,72.7,95,55.8,266,2.6,701,94.4,158.0,3.8,701.0,26.3,701+,49.2,260,37.6,388,1,0,0
UNIVERSIDAD AUSTRAL,35.3,29.9,28.2,26.909541637914604,28.90632841785053,Argentina,Americas,2,4,2,20.9,420,36.2,259,79.7,139,1.9,701,2.7,701.0,7.5,701.0,10.2,701+,65.9,174,1.3,701,0,1,0
MAHIDOL UNIVERSITY,35.1,29.1,33.4,38.001598365556006,37.55882509649707,Thailand,Asia,3,4,4,44.1,192,21.8,424,81.1,126,4.7,701,4.9,701.0,4.2,701.0,57.2,659,9.8,701,57.7,276,1,0,0
UNIVERSIDAD DE BELGRANO,34.9,28.8,26.3,25.48346350214605,24.103752410034883,Argentina,Americas,2,3,1,9.4,601,12.7,601,86.6,100,1.0,701,5.4,701.0,24.1,490.0,2.5,701+,37.4,343,1.0,,0,1,0
BOSTON COLLEGE,34.7,29.2,26.7,21.81208281462013,19.32887498192204,United States,Americas,3,2,4,21.3,414,16.2,523,21.2,652,16.6,613,12.5,701.0,18.8,571.0,50.8,701+,42.2,307,7.1,701,0,1,0
GWANGJU INSTITUTE OF SCIENCE AND TECHNOLOGY (GIST),34.7,33.3,33.1,35.96148555262847,35.62550682266104,South Korea,Asia,1,2,4,13.8,601,9.0,601,38.6,409,100.0,4,18.6,619.0,8.8,701.0,27.0,701+,2.2,701,9.9,667,1,0,0
NANKAI UNIVERSITY,34.0,31.7,29.8,29.65130250716543,30.890518053524207,China (Mainland),Asia,4,4,4,18.5,492,9.8,601,25.4,584,82.9,101,12.3,701.0,2.7,701.0,51.1,701+,37.9,340,11.5,632,1,0,0
NORTHEASTERN UNIVERSITY,33.9,32.3,31.7,29.114497410238663,24.33878905975684,United States,Americas,4,3,4,19.2,470,11.8,601,15.4,701,24.6,501,51.6,360.0,96.4,85.0,67.3,516,44.0,291,72.3,205,0,1,0
QATAR UNIVERSITY,33.8,32.0,35.8,42.559698704765765,50.2306442111181,Qatar,Asia,2,4,4,29.8,297,50.6,175,68.1,191,48.2,277,100.0,24.0,96.5,83.0,89.4,177,98.6,20,74.0,196,1,0,0
KOBE UNIVERSITY,33.6,30.9,28.4,30.1805401720419,26.458388227590152,Japan,Asia,3,4,4,28.4,309,33.2,281,43.9,356,11.4,701,7.0,701.0,5.6,701.0,55.0,698,15.0,662,49.8,319,1,0,0
GEORGE WASHINGTON UNIVERSITY,33.5,31.5,32.0,30.22502116279056,26.95924351953425,United States,Americas,3,4,4,25.2,351,28.8,331,27.3,555,27.5,471,24.6,542.0,34.4,394.0,79.5,333,74.5,142,27.3,468,0,1,0
TILBURG UNIVERSITY,33.3,33.1,29.6,28.589811402940093,30.300307796322347,Netherlands,Europe,3,1,4,14.7,594,32.5,291,10.5,701,55.1,229,98.4,114.0,60.6,245.0,56.8,667,14.3,685,15.2,590,1,0,0
LA TROBE UNIVERSITY,33.2,28.2,28.2,33.87542721204774,38.063873644073134,Australia,Oceania,3,3,4,23.6,370,19.8,457,8.0,701,77.7,123,92.6,172.0,95.0,97.0,78.6,345,19.6,570,78.4,166,1,0,0
OXFORD BROOKES UNIVERSITY,33.1,30.1,29.1,26.428416590560204,27.01522468731511,United Kingdom,Europe,3,3,3,30.7,289,37.6,250,13.7,701,7.0,701,67.5,291.0,67.4,220.0,68.4,508,20.5,554,13.2,606,1,0,0
STELLENBOSCH UNIVERSITY,33.1,27.9,27.1,25.94665438989336,28.580117616423784,South Africa,Africa,3,4,4,26.1,342,35.8,262,3.5,701,61.9,190,19.7,605.0,8.0,701.0,94.8,80,85.2,101,22.0,516,1,0,0
UNIVERSIDADE NOVA DE LISBOA,33.1,27.9,27.3,29.84755916159696,25.81980658865349,Portugal,Europe,3,4,4,28.7,305,21.8,425,15.9,701,23.9,509,25.3,528.0,57.0,260.0,86.3,227,48.7,264,38.2,384,1,0,0
RENSSELAER POLYTECHNIC INSTITUTE,33.0,31.5,28.8,25.44680564859504,21.04804680338409,United States,Americas,2,3,4,8.0,601,8.4,601,19.7,681,56.6,221,3.7,701.0,29.9,430.0,25.0,701+,31.4,402,2.8,701,0,1,0
UNIVERSITY OF THE PHILIPPINES,32.9,28.8,30.7,27.70354760432096,27.880391089855603,Philippines,Asia,4,4,3,36.3,239,65.3,119,31.1,506,1.9,701,1.6,701.0,1.1,701.0,60.9,624,65.6,177,67.7,230,1,0,0
ASTON UNIVERSITY,32.5,29.0,26.0,21.842454877273948,23.00597770874895,United Kingdom,Europe,3,3,4,12.5,601,18.5,478,9.0,701,34.4,388,94.2,160.0,53.8,274.0,79.2,336,19.6,569,46.9,330,1,0,0
UNIVERSITY OF KENT,32.5,30.7,29.8,29.73165384612733,26.55190998138033,United Kingdom,Europe,3,3,4,15.4,571,10.0,601,14.6,701,45.7,301,95.1,147.0,49.8,296.0,78.8,339,34.0,372,40.4,363,1,0,0
AALBORG UNIVERSITY,32.2,31.6,33.0,32.3971604361182,30.49078321152872,Denmark,Europe,3,4,4,19.9,450,20.8,439,25.5,580,53.2,241,77.3,250.0,14.9,627.0,92.1,134,23.3,486,75.6,183,1,0,0
UNIVERSITY OF KANSAS,31.3,29.9,29.4,29.86365544976915,29.67272040996229,United States,Americas,3,4,4,14.4,601,12.6,601,86.7,99,9.2,701,60.3,322.0,7.2,701.0,84.6,255,28.2,435,32.4,427,1,0,0
NATIONAL SUN YAT-SEN UNIVERSITY,31.2,28.1,27.9,27.059669077614863,25.67026586067936,Taiwan,Asia,2,3,4,26.5,334,24.9,383,32.0,493,22.1,529,22.7,563.0,10.8,701.0,35.6,701+,11.4,701,48.9,324,1,0,0
UNITED ARAB EMIRATES UNIVERSITY,31.1,31.1,32.4,35.387965235950574,35.9801011160873,United Arab Emirates,Asia,2,4,4,30.1,295,38.3,247,49.8,312,16.6,612,100.0,19.0,34.2,396.0,86.2,230,82.0,111,36.6,393,1,0,0
NATIONAL CENTRAL UNIVERSITY,31.0,27.4,27.1,21.486593405364896,20.027101686623165,Taiwan,Asia,2,3,4,21.5,409,28.2,338,22.9,624,14.4,647,11.6,701.0,10.0,701.0,30.4,701+,10.2,701,27.9,462,1,0,0
UNIVERSITY OF UTAH,31.0,31.5,30.9,28.959382844006583,24.37948394625261,United States,Americas,4,4,4,15.7,561,6.3,601,50.0,309,30.5,431,15.5,659.0,10.3,701.0,80.5,313,17.4,608,24.5,492,1,0,0
ILLINOIS INSTITUTE OF TECHNOLOGY,30.7,26.9,27.3,26.2792085815646,22.11594247050776,United States,Americas,2,2,4,12.8,601,11.0,601,14.1,701,35.9,379,19.2,610.0,97.3,77.0,18.9,701+,12.2,701,1.6,701,0,1,0
UNIVERSITY OF COIMBRA,29.8,27.7,28.1,26.42639185594627,26.496456129143027,Portugal,Europe,3,4,4,29.4,301,10.8,601,10.3,701,49.8,264,8.1,701.0,22.9,504.0,91.2,154,31.1,404,75.8,181,1,0,0
WASHINGTON STATE UNIVERSITY,30.4,28.6,28.2,26.217369709805773,23.80415507026879,United States,Americas,3,4,4,23.3,379,20.0,452,15.5,701,33.5,396,47.1,379.0,5.0,701.0,77.3,373,8.6,701,29.6,447,1,0,0
AMERICAN UNIVERSITY OF SHARJAH,29.5,29.2,29.6,29.85879842390289,30.922419299884,United Arab Emirates,Asia,2,3,4,20.9,421,38.6,245,19.1,696,23.9,511,100.0,3.0,100.0,8.0,48.1,701+,48.0,267,16.5,567,0,1,0
BRANDEIS UNIVERSITY,29.4,26.8,25.1,24.293016695933304,21.90531659764469,United States,Americas,2,3,4,9.4,601,4.8,601,53.1,288,11.6,701,18.0,627.0,75.1,186.0,32.3,701+,16.5,624,1.1,701,0,1,0
UNIVERSITY OF OULU,29.3,29.2,29.3,28.930644389880957,28.117448822744457,Finland,Europe,2,4,4,15.1,582,13.5,600,25.3,587,59.4,207,65.3,300.0,8.6,701.0,89.4,175,21.7,528,68.6,226,1,0,0
WAKE FOREST UNIVERSITY,29.2,28.7,28.3,26.4409703409832,25.176844192422337,United States,Americas,2,4,4,5.1,601,6.3,601,100.0,10,8.6,701,3.2,701.0,10.9,701.0,42.8,701+,15.4,648,1.7,701,0,1,0
HITOTSUBASHI UNIVERSITY,28.9,25.5,25.8,22.844837994876173,21.705422591674,Japan,Asia,2,1,4,14.4,601,73.0,94,30.8,510,2.1,701,19.8,600.0,20.0,539.0,7.5,701+,51.9,242,1.1,701,1,0,0
SHANGHAI UNIVERSITY,29.0,27.0,27.8,27.244454361733258,28.092417057504477,China (Mainland),Asia,4,2,4,20.3,435,13.1,601,50.8,303,30.5,429,40.9,415.0,5.3,701.0,58.7,649,8.9,701,10.5,655,1,0,0
SWINBURNE UNIVERSITY OF TECHNOLOGY,29.0,28.7,28.8,35.294876716468664,35.20414470807734,Australia,Oceania,3,3,4,13.9,601,11.4,601,12.4,701,86.5,88,94.9,150.0,77.3,183.0,66.1,538,13.9,696,15.4,585,1,0,0
THE UNIVERSITY OF GEORGIA,29.1,26.7,25.0,20.51351963968131,17.55842671361085,United States,Americas,4,4,4,20.6,427,18.6,473,9.8,701,24.4,504,6.7,701.0,4.5,701.0,83.7,267,21.5,531,30.7,440,1,0,0
UNIVERSITY OF CONNECTICUT,29.1,29.4,29.0,30.900859921886585,18.57081402415209,United States,Americas,3,4,4,14.4,600,8.1,601,18.2,701,29.8,438,27.4,514.0,19.4,556.0,88.0,198,23.3,487,37.6,388,1,0,0
UNIVERSITY OF DELAWARE,28.8,26.2,24.3,21.30964678147117,18.841549160429068,United States,Americas,3,3,4,9.4,601,7.9,601,6.6,701,53.9,237,30.0,495.0,12.6,665.0,66.5,530,16.9,617,65.3,239,1,0,0
UNIVERSITY OF IOWA,28.8,26.4,27.3,25.29814775400252,21.42034077637616,United States,Americas,3,4,4,18.4,493,8.7,601,41.7,372,19.1,568,15.5,660.0,3.7,701.0,75.6,396,26.6,446,20.8,527,1,0,0
BOND UNIVERSITY,28.4,26.0,26.0,24.770088014731957,25.431895717537017,Australia,Oceania,1,2,4,4.3,601,4.6,601,47.8,326,28.8,450,70.4,283.0,86.6,144.0,26.5,701+,8.4,701,1.0,701,0,1,0
CONCORDIA UNIVERSITY,28.5,25.2,25.2,22.21303240482887,20.6724057758656,Canada,Americas,4,3,4,15.8,559,11.4,601,3.3,701,17.5,590,87.4,208.0,92.3,104.0,73.8,423,43.6,294,89.8,96,1,0,0
FLORIDA STATE UNIVERSITY,28.7,25.0,25.8,23.68964154355832,19.22391363627238,United States,Americas,4,4,4,25.6,346,18.1,485,7.2,701,24.8,500,10.0,701.0,4.2,701.0,71.9,452,18.4,595,26.8,473,1,0,0
NATIONAL UNIVERSITY OF SCIENCES AND TECHNOLOGY (NUST) ISLAMABAD,28.3,27.3,28.2,31.91309283577027,32.50532301505884,Pakistan,Asia,3,3,4,20.4,430,71.6,98,68.8,188,14.5,646,4.3,701.0,4.0,701.0,73.6,426,2.8,701,44.9,338,1,0,0
SWANSEA UNIVERSITY,28.3,26.4,25.2,27.20050324433032,30.7826349995372,United Kingdom,Europe,3,4,4,23.1,387,43.1,214,25.1,591,27.9,467,71.0,278.0,59.6,249.0,82.3,286,8.3,701,91.8,80,1,0,0
XIAMEN UNIVERSITY,28.3,24.7,25.7,27.24385992893932,29.80754015789873,China (Mainland),Asia,4,4,4,23.6,372,16.2,526,19.0,701,72.2,146,5.1,701.0,3.1,701.0,62.6,594,46.0,277,15.4,585,1,0,0
OREGON STATE UNIVERSITY,28.1,25.7,25.3,20.873091341240304,17.20612410126135,United States,Americas,3,3,4,14.6,596,4.2,601,15.6,701,33.9,390,11.7,701.0,8.1,701.0,81.2,306,19.3,574,21.1,525,1,0,0
SINGAPORE MANAGEMENT UNIVERSITY,27.9,23.5,24.9,21.817028173335103,20.15155953239025,Singapore,Asia,2,1,4,12.3,601,14.2,578,10.2,701,18.8,572,100.0,46.0,58.9,251.0,20.8,701+,27.1,443,26.3,478,1,0,0
SOGANG UNIVERSITY,27.8,26.4,25.6,25.6558970762243,25.330162679688183,South Korea,Asia,2,3,4,17.5,516,45.5,202,56.7,260,5.1,701,7.1,701.0,19.6,552.0,13.8,701+,16.0,635,17.7,557,0,1,0
BEIJING INSTITUTE OF TECHNOLOGY,27.5,25.2,26.4,30.68524348459321,37.53290073387228,China (Mainland),Asia,4,2,4,23.2,384,24.3,396,43.4,361,82.0,103,5.7,701.0,6.7,701.0,68.6,505,14.3,681,10.1,661,1,0,0
SULTAN QABOOS UNIVERSITY,27.3,25.7,28.9,29.29229523374564,29.909327840957708,Oman,Asia,2,4,4,18.6,484,17.1,503,55.6,269,21.9,533,100.0,72.0,3.2,701.0,78.8,340,51.5,247,55.4,285,1,0,0
TULANE UNIVERSITY,27.6,27.5,27.4,25.151816035335905,24.514855310478964,United States,Americas,3,4,3,9.8,601,6.0,601,84.7,106,9.7,701,9.9,701.0,10.8,701.0,75.4,403,26.0,454,8.0,701,0,1,0
UNIVERSITY OF EASTERN FINLAND,27.5,24.4,24.2,22.10782347876043,20.89873149564981,Finland,Europe,3,3,4,13.8,601,7.6,601,43.7,357,18.4,576,37.4,431.0,5.2,701.0,86.4,224,4.2,701,78.6,164,1,0,0
UNIVERSITY OF SASKATCHEWAN,27.2,25.3,26.2,25.041757329352187,26.435840918049152,Canada,Americas,3,4,4,11.1,601,5.3,601,18.2,701,57.0,219,77.3,251.0,49.5,298.0,82.3,287,32.1,394,90.7,89,1,0,0
UNIVERSITY OF STIRLING,27.6,27.3,24.8,23.937766953550742,21.31923779800069,United Kingdom,Europe,2,3,4,11.2,601,9.4,601,9.3,701,30.3,436,76.9,253.0,81.3,168.0,61.6,606,15.8,638,76.1,178,1,0,0
JAGIELLONIAN UNIVERSITY,27.1,27.6,31.9,35.51420704188476,35.05207841479214,Poland,Europe,4,2,4,37.8,228,46.4,199,65.1,203,5.5,701,5.7,701.0,15.4,615.0,88.6,188,51.3,249,35.4,400,1,0,0
UNIVERSIDAD DE ZARAGOZA,26.7,27.5,26.7,22.17742177348688,22.39817685568629,Spain,Europe,3,4,4,21.3,413,5.1,601,56.1,262,7.0,701,4.5,701.0,9.0,701.0,89.5,174,10.7,701,77.1,175,1,0,0
WAYNE STATE UNIVERSITY,27.0,26.2,24.5,20.53199669472935,18.916685390710946,United States,Americas,3,4,4,7.6,601,3.4,601,62.1,229,10.6,701,13.3,700.0,5.4,701.0,73.6,425,19.4,572,3.1,701,1,0,0
HUAZHONG UNIVERSITY OF SCIENCE AND TECHNOLOGY,26.5,27.4,28.2,34.50911014962571,33.04354582647822,China (Mainland),Asia,4,4,4,20.4,431,28.2,337,7.9,701,99.9,10,5.2,701.0,2.7,701.0,79.4,335,17.6,606,15.0,592,1,0,0
TIANJIN UNIVERSITY,26.5,26.0,27.0,34.29582995778384,38.52503490594505,China (Mainland),Asia,3,3,4,17.2,527,13.5,597,38.8,407,99.5,18,24.8,538.0,25.4,473.0,65.2,554,32.4,392,16.9,563,1,0,0
ABERYSTWYTH UNIVERSITY,26.2,26.5,24.5,19.282653548104687,16.719394337924065,United Kingdom,Europe,2,3,4,9.4,601,5.9,601,18.5,701,20.3,553,44.6,397.0,46.5,316.0,65.9,541,7.1,701,44.9,338,1,0,0
CHANG GUNG UNIVERSITY,26.3,26.8,24.5,24.945879949895343,26.214979258092185,Taiwan,Asia,2,2,4,6.3,601,4.3,601,71.6,184,41.9,328,5.1,701.0,4.5,701.0,27.7,701+,2.0,701,13.2,606,0,1,0
COLORADO STATE UNIVERSITY,26.1,25.7,26.0,27.83681313480609,26.1564738677086,United States,Americas,3,3,4,18.3,498,20.4,447,60.9,236,17.1,599,18.5,621.0,3.7,701.0,78.4,351,22.2,517,70.9,217,1,0,0
UNIVERSITY OF DELHI,26.1,24.2,25.0,23.45861489075904,25.03402443223296,India,Asia,3,4,4,38.1,225,35.3,269,4.3,701,25.9,488,1.3,701.0,1.5,701.0,75.1,406,96.0,44,70.6,220,1,0,0
JILIN UNIVERSITY,25.6,24.8,24.5,24.29690458636852,23.17332488667841,China (Mainland),Asia,4,4,4,12.1,601,46.1,200,37.4,428,27.4,472,11.6,701.0,2.1,701.0,62.2,601,23.2,492,9.1,686,1,0,0
