institution,overall_score_2018,overall_score_2019,overall_score_2021,overall_score_2023,overall_score_2025,overall_score_2026
STANFORD UNIVERSITY,98.7,98.6,98.4,98.31090578444781,96.67526777634114,94.13659411434436
HARVARD UNIVERSITY,98.4,98.5,97.4,97.39255103875433,96.73535913824307,94.52233767585146
CALIFORNIA INSTITUTE OF TECHNOLOGY (CALTECH),97.7,97.2,96.9,96.87489820870485,97.4423788630045,95.39935894733958
UNIVERSITY OF CAMBRIDGE,95.6,95.6,95.0,98.60128080256439,96.98113027725645,95.58442127584743
UNIVERSITY OF OXFORD,95.3,96.8,97.2,98.18490223594063,97.07134743459665,94.90126385663473
IMPERIAL COLLEGE LONDON,93.7,93.3,94.1,96.81042134128106,98.07444726641396,96.88124158097914
UNIVERSITY OF CHICAGO,93.5,93.2,92.0,93.02790811004428,88.87474530665659,86.34375269214343
PRINCETON UNIVERSITY,91.0,90.9,90.9,89.07508642886131,84.74094793768589,81.26201178744593
CORNELL UNIVERSITY,90.7,90.5,89.3,87.00845244901461,84.83129420935944,81.79942481729442
NATIONAL UNIVERSITY OF SINGAPORE (NUS),90.5,92.0,91.8,92.5116035395526,91.03636256699733,88.85921204659783
YALE UNIVERSITY,90.4,89.6,87.7,88.88037929691657,85.6954492719388,83.53927271093143
JOHNS HOPKINS UNIVERSITY,89.8,85.9,83.9,84.94319202638818,85.75662334177565,84.43672280552366
COLUMBIA UNIVERSITY,88.9,88.5,87.4,86.5268806846662,83.26137811334644,80.4316264305145
UNIVERSITY OF PENNSYLVANIA,88.7,86.5,88.9,90.4249285466224,90.62544379981242,88.80264455095298
DUKE UNIVERSITY,87.0,83.9,83.8,74.67248373276726,72.99662068698188,68.10310385271082
TSINGHUA UNIVERSITY,85.6,87.2,88.6,89.92827028750975,90.14419490338591,88.37304364872061
NORTHWESTERN UNIVERSITY,84.8,81.5,81.5,81.68477411520539,78.58945732051006,76.07567095698334
THE UNIVERSITY OF TOKYO,84.8,85.3,84.3,85.20323639276955,81.5615624053357,79.1976184131726
UNIVERSITY OF TORONTO,84.0,83.0,82.1,81.33571583751097,78.62181363512101,75.9962638924971
MCGILL UNIVERSITY,83.9,81.7,80.4,81.7865229286821,79.448648107895,77.57494257899394
THE UNIVERSITY OF MANCHESTER,83.0,82.9,82.7,82.1429875154821,77.20216990599269,74.10721528668688
KYOTO UNIVERSITY,81.5,81.2,80.5,81.25068013850264,78.12577263952815,75.85171027819875
PEKING UNIVERSITY,80.8,82.6,84.3,91.17251739239748,91.5187863962795,91.3825745419769
FUDAN UNIVERSITY,80.6,77.6,78.6,81.40098925464136,81.58622142769141,80.42108067496012
THE UNIVERSITY OF MELBOURNE,80.4,80.1,79.5,81.42528223365585,80.48220567478421,78.98673268388316
UNIVERSITY OF BRISTOL,79.5,74.9,74.5,69.89233314763462,70.18793945490049,67.14740678722653
THE CHINESE UNIVERSITY OF HONG KONG (CUHK),78.8,75.6,75.9,80.42903167236719,81.07139570328806,80.5999609722578
CARNEGIE MELLON UNIVERSITY,78.6,76.6,74.8,74.46988799876362,70.76354364730574,68.26361206491131
CITY UNIVERSITY OF HONG KONG,78.4,72.1,73.6,73.43928928837215,75.58637606126149,74.00470971497191
THE UNIVERSITY OF SYDNEY,78.0,78.3,77.8,79.41862957656613,78.73631108014297,77.22282569280861
UNIVERSITY OF BRITISH COLUMBIA,77.9,75.8,74.1,76.91148757452743,75.85801967829565,74.7847519441524
NEW YORK UNIVERSITY (NYU),77.3,77.7,78.8,80.21141077779342,78.89708650151823,77.022454928771
BROWN UNIVERSITY,76.5,72.0,71.5,69.45883567633888,66.49905669152119,63.586066484008455
DELFT UNIVERSITY OF TECHNOLOGY,76.1,73.3,74.2,69.85682408381953,71.68788378974497,68.9071057514541
UNIVERSITY OF WISCONSIN-MADISON,75.8,73.2,71.8,63.55510994228469,58.599096738985125,53.60956614731269
THE UNIVERSITY OF WARWICK,74.4,72.9,70.4,68.984490051661,62.2276676272666,58.94261790498314
UNIVERSITY OF AMSTERDAM,74.3,71.1,69.0,70.99302004999998,70.85823379494911,69.85697596445438
MONASH UNIVERSITY,73.1,70.4,70.9,71.45711079238168,73.28289794559211,71.98140451383222
UNIVERSITY OF WASHINGTON,72.9,67.8,67.9,64.57780500307416,62.185437118289535,59.01958609135965
SHANGHAI JIAO TONG UNIVERSITY,72.5,70.4,70.5,77.28167857416116,76.25822807509977,76.19304342752989
OSAKA UNIVERSITY,72.1,67.7,66.5,68.11720552050818,63.69814331957119,61.67526883584003
UNIVERSITY OF GLASGOW,71.6,67.4,68.2,64.52437188496782,61.790098134263886,58.380676688128744
UNIVERSITY OF TEXAS AT AUSTIN,70.6,68.7,68.6,67.28439968290809,64.12435469051547,61.38171844413809
UNIVERSITY OF ILLINOIS AT URBANA-CHAMPAIGN,70.3,67.0,65.9,63.51497667010196,61.62968995295536,58.982372592464614
POHANG UNIVERSITY OF SCIENCE AND TECHNOLOGY (POSTECH),69.4,63.0,62.6,67.60383955002607,67.45898454445594,67.23900865246354
UNIVERSITY OF COPENHAGEN,69.2,63.5,63.8,63.981260428275355,62.5714913266301,60.64069451820453
UNIVERSITY OF ZURICH,69.2,63.6,65.8,63.62438917510221,60.398429480905484,57.212778548583486
NATIONAL TAIWAN UNIVERSITY (NTU),69.0,66.3,67.3,65.59948866997843,62.94600933829454,60.10689871099345
TOHOKU UNIVERSITY,69.0,64.3,63.7,64.83094425304225,63.6275766577082,62.09891661851536
DURHAM UNIVERSITY,68.5,65.7,64.2,60.843090752770635,54.96400126084205,51.30181489941458
LUND UNIVERSITY,68.5,62.1,61.8,59.9682352726896,61.33279099934611,59.481505653220744
BOSTON UNIVERSITY,67.2,62.0,60.5,57.07819206397997,53.92887594173418,50.856097744964465
THE UNIVERSITY OF AUCKLAND,67.0,62.8,63.4,62.551342697900104,63.238385741452184,61.414751506808656
THE UNIVERSITY OF SHEFFIELD,67.0,64.8,64.2,59.44097447624561,56.661681907509085,53.13742484423878
UNIVERSITY OF BIRMINGHAM,66.8,63.5,64.0,60.992821136401034,59.65319359222749,56.80947627614085
ZHEJIANG UNIVERSITY,65.9,67.5,72.4,79.17361179469384,76.29972990748661,75.35130026555106
RICE UNIVERSITY,65.6,62.6,63.1,58.69115912559439,57.21629933962605,53.961814428325866
KOREA UNIVERSITY,65.5,62.7,63.4,66.8333870972885,67.53028292779993,66.91278746940803
UNIVERSITY OF ALBERTA,65.5,58.1,57.3,56.807516634013375,55.74876744302354,53.90795548103648
UNIVERSITY OF ST ANDREWS,65.3,61.4,59.9,59.361462585534305,57.81122485659766,55.887750964862335
PENNSYLVANIA STATE UNIVERSITY,65.2,61.9,61.7,60.73690435417946,56.01142238777146,53.16976966000536
THE HONG KONG POLYTECHNIC UNIVERSITY,65.0,59.1,61.9,68.86073793196636,72.57228707978092,73.37686126817434
UNIVERSITY OF SCIENCE AND TECHNOLOGY OF CHINA,64.9,60.8,62.3,60.597190082331174,61.88702794524598,59.87011575905889
UNIVERSITY OF GENEVA,64.7,58.4,58.1,54.37209582766166,50.524529925843524,47.14169378020335
WASHINGTON UNIVERSITY IN ST. LOUIS,64.6,59.5,58.3,55.726659673955716,53.263200118671854,50.57347023870717
UNIVERSITY OF LEEDS,64.5,62.0,61.7,62.64844764092857,59.77899625655061,57.86362955207998
UNIVERSITY OF HELSINKI,63.9,57.9,58.4,57.716290088686996,53.76248328395803,51.136992864384766
UNIVERSITY OF SOUTHAMPTON,63.9,61.6,60.6,64.84842554174764,59.00860368397438,57.51661735955554
EINDHOVEN UNIVERSITY OF TECHNOLOGY,63.6,59.8,58.9,52.60024535272945,50.99455711789392,47.38206507172916
PURDUE UNIVERSITY,63.2,59.5,57.8,54.0953937794987,52.98787993515552,50.30843081018178
YONSEI UNIVERSITY,62.3,58.9,58.7,66.90840860205896,71.79431268681543,73.53799013947632
LEIDEN UNIVERSITY,61.5,55.0,55.4,53.97220185066528,52.81912949978733,50.603915499365016
THE UNIVERSITY OF ADELAIDE,61.5,56.6,58.6,56.946350359631246,57.423280097128234,55.263793513217614
UTRECHT UNIVERSITY,61.5,54.5,54.5,56.174477162186214,56.52147004089495,55.54219297769696
UPPSALA UNIVERSITY,61.4,55.8,55.5,54.21798530646186,55.999065293368666,54.485163302376584
UNIVERSITY OF GRONINGEN,61.3,55.2,56.1,51.30271324178393,51.46417772782744,48.49804530384958
NANJING UNIVERSITY,60.8,55.0,54.5,53.816183126866626,55.46763212028087,54.13260523242711
UNIVERSITI MALAYA (UM),60.8,62.6,67.1,67.8265979652636,70.08404805840226,68.57785256317763
NAGOYA UNIVERSITY,60.7,57.3,55.8,56.226267956313954,55.770695485456685,54.405008151527724
TECHNICAL UNIVERSITY OF DENMARK,60.7,57.1,57.4,57.908790177924566,61.77595772893047,61.101340460373784
AARHUS UNIVERSITY,59.3,50.7,51.0,48.48054136765989,48.806212617966175,46.65777163918828
HOKKAIDO UNIVERSITY,59.0,53.6,52.9,51.81748595773159,52.08371131163405,50.40095909369718
KYUSHU UNIVERSITY,58.2,54.1,52.9,53.447986289159715,53.04697603429269,51.74179005370801
UNIVERSITY OF SOUTHERN CALIFORNIA,57.2,56.2,53.1,53.622063009197596,45.826528568652705,43.20890532909441
CHALMERS UNIVERSITY OF TECHNOLOGY,57.1,53.6,54.0,54.450088983589936,49.45843178812533,47.02316320918324
LANCASTER UNIVERSITY,56.3,53.0,53.2,51.13708542538481,48.12793593922637,45.41228657626142
UNIVERSITY OF YORK,56.3,52.4,50.5,48.318864466687856,45.10825252632666,42.56951894082906
AALTO UNIVERSITY,56.0,50.8,52.4,55.82938665964971,50.63231619230452,48.90553456421743
CARDIFF UNIVERSITY,56.0,50.3,49.0,47.68779379668757,43.93056270119492,41.491380456708406
MCMASTER UNIVERSITY,55.8,50.1,51.2,50.27178029681285,46.89970450051577,44.37384955666287
UNIVERSITY OF OSLO,55.5,51.9,54.7,58.58660867856416,56.088701067699766,54.88074541380258
UNIVERSITY OF PITTSBURGH,55.5,51.8,51.2,45.563853485964515,42.07732104267906,38.36292854786065
UNIVERSITY OF LAUSANNE,54.5,49.5,49.2,42.91028682662359,40.6431424456205,36.99042438702227
EMORY UNIVERSITY,54.4,49.6,48.6,49.43098816496722,50.89083271785595,50.08780722732089
MICHIGAN STATE UNIVERSITY,54.3,50.7,51.1,48.81325477039234,44.493467839757166,41.46259248495593
UNIVERSITY OF BASEL,54.3,48.4,50.0,53.15832443725614,52.630672218254674,51.80591483721023
UNIVERSITY OF OTAGO,54.2,46.4,46.7,41.91407970987191,37.785085523874564,34.16214485511307
UNIVERSITY OF WATERLOO,53.7,48.0,46.8,49.95654601863348,47.1718232173654,46.21991717204895
HANYANG UNIVERSITY,53.2,49.4,50.3,49.365235350136516,50.036957112066894,48.35866682821076
UNIVERSITY OF ABERDEEN,52.7,46.6,44.6,41.496323978705576,37.49818699705559,34.64032846684418
UNIVERSITY OF BATH,52.6,48.6,47.0,45.65230327108396,44.03210780465727,42.07471428051027
NATIONAL TSING HUA UNIVERSITY,52.4,48.0,46.8,45.833470680629965,45.743424851063686,44.16594202178185
NEWCASTLE UNIVERSITY,52.4,50.7,50.9,54.662631929607755,49.579961049517784,48.13347404456528
UNIVERSITY OF BERGEN,52.1,46.8,48.1,42.61968720458187,37.74393126304044,33.652172050938454
UNIVERSITY OF BERN,51.9,51.1,54.3,55.5875109201616,49.59188625351353,46.907893058893066
DARTMOUTH COLLEGE,51.3,45.8,43.1,42.71417618872607,40.13635967141118,38.42854008105316
POLITECNICO DI MILANO,50.9,48.7,50.4,52.345188277109685,51.603037142441245,50.37489404953897
INDIAN INSTITUTE OF TECHNOLOGY DELHI (IITD),50.7,46.6,46.2,46.47116585596035,49.06468021842576,48.30891493633324
UNIVERSITY OF LIVERPOOL,50.3,49.4,46.3,44.49637706878492,46.097001250356556,44.82023547101258
UNIVERSITY OF VIRGINIA,50.3,44.8,44.1,38.27670359539293,35.617508323716585,32.13676146433417
UNIVERSITY OF FLORIDA,49.8,45.9,47.7,45.25032805363469,43.45916996324876,40.8051781627852
INDIAN INSTITUTE OF TECHNOLOGY BOMBAY (IITB),49.7,48.2,49.4,46.58219462737632,51.15185919931826,49.70983313549419
UNIVERSITY OF TWENTE,49.7,46.6,45.2,42.3038310704706,42.05782290281229,39.946455642536534
UNIVERSIDADE ESTADUAL DE CAMPINAS (UNICAMP),49.5,43.3,42.1,42.41552022101277,41.35785694156437,40.02147249780355
VRIJE UNIVERSITEIT BRUSSEL (VUB),49.5,45.2,44.5,38.44581330751689,37.26193803998817,34.0070795887253
UNIVERSITY OF ROCHESTER,49.3,45.5,47.3,51.05579884089967,45.693550699293404,44.08500576001325
UNIVERSITY OF READING,49.1,44.4,43.3,40.36248100626488,41.18590106070648,39.27800236788822
UNIVERSITY OF CAPE TOWN,48.9,43.9,44.1,39.31138341002178,39.296546714997454,36.55279705445555
KEIO UNIVERSITY,48.5,44.1,44.0,43.989369642047286,43.94930864937308,42.586651634170295
STOCKHOLM UNIVERSITY,48.1,43.9,44.8,50.028278712252366,50.02821281710629,50.04700736734396
TEXAS A&M UNIVERSITY,48.1,43.5,45.0,47.79475565289312,46.67624049711151,45.71658129469205
UNIVERSIDAD DE CHILE,47.8,42.6,45.0,47.391009623074865,46.76894962629856,45.705248125240075
WASEDA UNIVERSITY,47.2,42.6,43.7,42.775768393281524,42.28933313848467,40.46266558116019
TEL AVIV UNIVERSITY,47.0,40.3,41.3,37.87909864914125,37.838959124923434,35.44151333460525
ARIZONA STATE UNIVERSITY,46.7,42.3,42.0,41.6982802139324,39.345889038801346,37.48522775403523
UNIVERSITY OF ANTWERP,46.6,40.9,40.9,36.43430146228818,34.322546150189375,31.316902654129382
WESTERN UNIVERSITY,46.6,42.0,42.8,46.5949141446335,43.87988416685133,42.98562777380361
VANDERBILT UNIVERSITY,46.5,44.4,44.0,43.85854679387642,45.995077932227346,45.06420369291591
CASE WESTERN RESERVE UNIVERSITY,46.4,45.4,47.8,46.089780957705166,42.70827760697882,39.88186254176199
UNIVERSITY OF NOTRE DAME,45.9,42.3,42.9,38.88399453949434,32.98370124204683,29.250735825311097
UNIVERSITY OF CALGARY,45.8,40.4,39.7,38.97997527383945,38.613191522040644,37.1098454065743
VRIJE UNIVERSITEIT AMSTERDAM,45.6,40.0,41.3,42.18278918540273,40.40723982458125,38.85015137888697
VICTORIA UNIVERSITY OF WELLINGTON,45.5,41.0,42.0,36.81214440246914,34.363939229939476,30.96900034052928
TECHNION - ISRAEL INSTITUTE OF TECHNOLOGY,44.0,38.4,37.2,27.822776462026983,30.486503405549563,27.22824140275345
GEORGETOWN UNIVERSITY,43.8,40.8,40.1,36.21001117523381,34.69026420204565,32.04939420181041
UNIVERSITY OF SUSSEX,43.7,40.7,38.4,39.176668351653014,33.87509971651736,31.980436581284998
UNIVERSITI PUTRA MALAYSIA (UPM),43.6,43.8,48.4,54.64562800288943,54.07391945790529,53.84143274673697
UNIVERSITI KEBANGSAAN MALAYSIA (UKM),43.4,45.5,48.3,54.11511155073034,56.63292693396122,57.08240367593716
UNIVERSITY OF WOLLONGONG,43.3,41.4,42.7,45.298689851377716,44.11939946729219,43.147419115418984
LOUGHBOROUGH UNIVERSITY,43.1,41.4,41.2,38.057825181404716,36.55724607043991,34.065421733110306
AMERICAN UNIVERSITY OF BEIRUT (AUB),43.0,39.0,38.7,38.331998640736934,34.99571866100893,32.96890510108288
AL-FARABI KAZAKH NATIONAL UNIVERSITY,42.9,41.3,43.1,50.674813825422426,55.12435132926805,56.642497710323866
UNIVERSITY OF LEICESTER,42.8,40.9,39.0,36.52880034368339,33.00212940041924,30.495391495338666
MACQUARIE UNIVERSITY,42.5,38.0,39.5,44.130711365413525,44.7420803919338,44.73699046487058
TUFTS UNIVERSITY,42.0,39.0,37.5,34.08058228553298,30.5490333661761,27.755809247072836
CHULALONGKORN UNIVERSITY,41.8,36.3,38.3,41.339366529323094,39.92808140690787,39.03259790205769
SIMON FRASER UNIVERSITY,41.8,36.7,33.4,32.872541868546996,28.437768921884594,26.52519558226202
QUEENSLAND UNIVERSITY OF TECHNOLOGY (QUT),41.6,38.7,40.7,41.44254222246623,38.88923513548028,37.07504815713435
RMIT UNIVERSITY,41.6,38.0,39.2,44.54768745853564,47.265984895731584,47.92365311523572
NOVOSIBIRSK STATE UNIVERSITY,41.3,38.7,39.8,37.838012785884885,35.099335711841704,32.58454969096988
UNIVERSITY OF TSUKUBA,41.3,37.1,36.3,34.03658837484862,32.98368739184401,30.96694367200204
UNIVERSITY OF MIAMI,41.2,38.8,36.1,35.337182121856266,32.698420224008125,30.97975475056868
UNIVERSIDAD NACIONAL DE COLOMBIA,40.9,35.9,37.5,38.84838543870452,39.635745694553655,38.75647747796101
KYUNG HEE UNIVERSITY,40.6,36.7,38.3,37.16757146246825,35.9333812278132,33.930619727632354
NORWEGIAN UNIVERSITY OF SCIENCE AND TECHNOLOGY,40.5,30.1,30.5,30.883004872886588,30.66213589666362,29.53373119268674
ROYAL HOLLOWAY UNIVERSITY OF LONDON,40.5,39.1,34.8,28.281729720476825,23.69687217199344,20.133403110606597
CURTIN UNIVERSITY,40.4,38.0,39.9,44.32656553845302,42.445001968358994,41.833196815403674
NORTH CAROLINA STATE UNIVERSITY,40.3,35.7,35.0,33.99715125322727,31.564320824748396,29.636840730727876
INDIAN INSTITUTE OF TECHNOLOGY MADRAS (IITM),40.2,36.7,36.1,38.54900625884281,41.814895852365375,41.988481118638646
UNIVERSITI SAINS MALAYSIA (USM),40.2,43.0,47.9,51.466037261422926,51.696643280092275,50.84404729168865
ECOLE DES PONTS PARISTECH,39.8,37.0,37.8,46.427449652539686,48.890648344206646,50.48833153411688
UNIVERSITY OF SURREY,39.6,38.3,35.9,34.67377772548764,34.59280964951893,33.231810358289614
UNIVERSITY OF EAST ANGLIA (UEA),39.5,36.4,33.4,31.482556352603915,27.419427959813298,25.157799301198363
UNIVERSITY OF TURKU,39.3,35.3,34.9,35.77849445796984,30.630628403502143,28.660656037682674
UNIVERSITY OF STRATHCLYDE,39.2,36.6,34.7,33.034995797530804,31.012708843002855,29.104513857225086
DALHOUSIE UNIVERSITY,39.1,35.7,35.4,34.257010991715376,31.53811951900154,29.467157701355834
WUHAN UNIVERSITY,38.8,37.5,37.2,44.18727567409935,43.2581685607532,43.82554486275184
UNIVERSITY OF GOTHENBURG,38.6,36.4,37.3,45.283080621168516,43.44195094336903,43.98660026847578
NATIONAL TAIWAN NORMAL UNIVERSITY,38.3,34.1,32.3,32.1104816662685,31.67931096878063,30.53754813646232
UNIVERSITY OF OTTAWA,38.3,35.0,35.2,39.37481079306477,38.37041199353597,38.10629094724304
BAUMAN MOSCOW STATE TECHNICAL UNIVERSITY,38.2,34.5,35.1,40.23883508653759,46.865373383937246,48.37529383209372
UNIVERSITY OF WAIKATO,38.1,36.0,36.6,32.19468320286071,36.14271382181454,34.38309448053783
DEAKIN UNIVERSITY,37.9,34.0,36.1,37.448093319104025,38.68693013041863,37.8704725969742
INDIAN INSTITUTE OF TECHNOLOGY KANPUR (IITK),37.9,35.6,34.8,37.5499113556764,38.22273089688644,37.99871032441157
EWHA WOMANS UNIVERSITY,37.7,33.1,32.3,31.162391789248698,29.26622513973868,27.46052400967161
UNIVERSITY OF PORTO,37.6,32.2,30.9,37.05652670927179,33.82079220244352,33.88457676442689
INDIANA UNIVERSITY BLOOMINGTON,37.4,32.7,33.5,31.690180796165013,28.650052117032914,26.245014830920564
POLITECNICO DI TORINO,37.0,28.7,31.2,33.03476963245634,34.640401798309775,34.07188419313103
UNIVERSIDADE FEDERAL DO RIO DE JANEIRO,36.7,30.3,30.6,32.05664322124147,31.951234599050288,31.158950188886703
HERIOT-WATT UNIVERSITY,36.6,34.4,33.4,36.20352982411415,36.41404822643361,36.15359168017802
UNIVERSITY OF TASMANIA,36.5,35.2,34.8,35.50914952556993,32.10370304296435,30.438676936243738
CHARLES UNIVERSITY,36.3,33.2,34.8,35.90376018746469,35.0821250011997,33.85077888577301
UNIVERSITY OF TARTU,36.3,32.8,34.4,35.35559934346207,34.407751673653124,33.11513246230166
MASSEY UNIVERSITY,36.2,32.0,34.9,35.64651847125255,38.329899961324294,37.573058487624195
TONGJI UNIVERSITY,36.2,34.9,36.7,42.33783695190475,43.8029584932952,44.26904986420405
UNIVERSITY AT BUFFALO SUNY,36.1,33.4,31.8,27.183842764180625,19.66417689147081,15.825486185477263
SUN YAT-SEN UNIVERSITY,35.9,34.7,34.9,37.248015284662905,35.18604488965749,34.19531022389831
HIROSHIMA UNIVERSITY,35.8,32.8,32.2,31.718856639252834,29.230807181772153,27.473482372326018
TOMSK STATE UNIVERSITY,35.7,35.8,36.5,37.49116331577189,36.568319639909745,35.34801709021147
GRIFFITH UNIVERSITY,35.6,32.1,33.2,35.09519018804163,33.37455537368021,32.2608884175231
HARBIN INSTITUTE OF TECHNOLOGY,35.6,35.3,35.7,41.9310523953674,40.43205366820533,40.62353133752427
BANDUNG INSTITUTE OF TECHNOLOGY (ITB),35.3,30.4,32.3,39.427827319011115,41.28036330764539,42.30518832673053
UNIVERSIDAD AUSTRAL,35.3,29.9,28.2,26.909541637914604,28.906328417850535,27.995572126281125
MAHIDOL UNIVERSITY,35.1,29.1,33.4,38.001598365556006,37.55882509649707,37.148247959407215
UNIVERSIDAD DE BELGRANO,34.9,28.8,26.3,25.48346350214605,24.103752410034883,22.755524153119698
BOSTON COLLEGE,34.7,29.2,26.7,21.812082814620126,19.32887498192204,16.597514508815266
GWANGJU INSTITUTE OF SCIENCE AND TECHNOLOGY (GIST),34.7,33.3,33.1,35.96148555262847,35.62550682266104,35.196181799841675
NANKAI UNIVERSITY,34.0,31.7,29.8,29.65130250716543,30.890518053524207,30.145873370013952
NORTHEASTERN UNIVERSITY,33.9,32.3,31.7,29.114497410238663,24.33878905975684,21.531160368666693
QATAR UNIVERSITY,33.8,32.0,35.8,42.559698704765765,50.2306442111181,52.08104075202845
KOBE UNIVERSITY,33.6,30.9,28.4,30.1805401720419,26.458388227590152,25.341598264304054
GEORGE WASHINGTON UNIVERSITY,33.5,31.5,32.0,30.225021162790558,26.959243519534255,24.571687765462237
TILBURG UNIVERSITY,33.3,33.1,29.6,28.589811402940093,30.300307796322347,29.568993974573146
LA TROBE UNIVERSITY,33.2,28.2,28.2,33.87542721204774,38.063873644073134,39.400803199941386
OXFORD BROOKES UNIVERSITY,33.1,30.1,29.1,26.428416590560204,27.01522468731511,25.344812666409553
STELLENBOSCH UNIVERSITY,33.1,27.9,27.1,25.946654389893357,28.580117616423784,27.7639769304397
UNIVERSIDADE NOVA DE LISBOA,33.1,27.9,27.3,29.84755916159696,25.819806588653492,24.686536793102476
RENSSELAER POLYTECHNIC INSTITUTE,33.0,31.5,28.8,25.44680564859504,21.04804680338409,18.352935439050967
UNIVERSITY OF THE PHILIPPINES,32.9,28.8,30.7,27.70354760432096,27.880391089855603,25.721416144191974
ASTON UNIVERSITY,32.5,29.0,26.0,21.842454877273948,23.00597770874895,21.277845657189246
UNIVERSITY OF KENT,32.5,30.7,29.8,29.73165384612733,26.55190998138033,24.839167657927717
AALBORG UNIVERSITY,32.2,31.6,33.0,32.3971604361182,30.49078321152872,28.604570184745782
UNIVERSITY OF KANSAS,31.3,29.9,29.4,29.86365544976915,29.67272040996229,28.6799360249983
NATIONAL SUN YAT-SEN UNIVERSITY,31.2,28.1,27.9,27.059669077614863,25.67026586067936,24.059362261601713
UNITED ARAB EMIRATES UNIVERSITY,31.1,31.1,32.4,35.387965235950574,35.9801011160873,35.635169639593016
NATIONAL CENTRAL UNIVERSITY,31.0,27.4,27.1,21.486593405364896,20.027101686623165,17.07106682994074
UNIVERSITY OF UTAH,31.0,31.5,30.9,28.959382844006583,24.379483946252606,21.80657663151298
ILLINOIS INSTITUTE OF TECHNOLOGY,30.7,26.9,27.3,26.279208581564596,22.115942470507758,19.843926177049326
UNIVERSITY OF COIMBRA,29.8,27.7,28.1,26.42639185594627,26.496456129143027,24.88074601724889
WASHINGTON STATE UNIVERSITY,30.4,28.6,28.2,26.217369709805773,23.80415507026879,21.67817188105407
AMERICAN UNIVERSITY OF SHARJAH,29.5,29.2,29.6,29.85879842390289,30.922419299883998,30.03178465828246
BRANDEIS UNIVERSITY,29.4,26.8,25.1,24.293016695933304,21.90531659764469,20.295350598168973
UNIVERSITY OF OULU,29.3,29.2,29.3,28.930644389880953,28.117448822744457,26.704730015032915
WAKE FOREST UNIVERSITY,29.2,28.7,28.3,26.440970340983196,25.176844192422337,23.31610875845521
HITOTSUBASHI UNIVERSITY,28.9,25.5,25.8,22.844837994876173,21.705422591674,19.52797712314904
SHANGHAI UNIVERSITY,29.0,27.0,27.8,27.244454361733258,28.092417057504473,26.91538693715674
SWINBURNE UNIVERSITY OF TECHNOLOGY,29.0,28.7,28.8,35.294876716468664,35.20414470807734,35.891134719245464
THE UNIVERSITY OF GEORGIA,29.1,26.7,25.0,20.51351963968131,17.55842671361085,14.792302669726745
UNIVERSITY OF CONNECTICUT,29.1,29.4,29.0,30.900859921886585,18.57081402415209,15.533518769406445
UNIVERSITY OF DELAWARE,28.8,26.2,24.3,21.309646781471166,18.841549160429068,16.628615463195864
UNIVERSITY OF IOWA,28.8,26.4,27.3,25.29814775400252,21.420340776376158,18.877900951025495
BOND UNIVERSITY,28.4,26.0,26.0,24.770088014731954,25.431895717537017,24.13369765723091
CONCORDIA UNIVERSITY,28.5,25.2,25.2,22.21303240482887,20.6724057758656,18.444208469787363
FLORIDA STATE UNIVERSITY,28.7,25.0,25.8,23.68964154355832,19.22391363627238,16.565316279855445
NATIONAL UNIVERSITY OF SCIENCES AND TECHNOLOGY (NUST) ISLAMABAD,28.3,27.3,28.2,31.91309283577027,32.50532301505884,32.47087619844528
SWANSEA UNIVERSITY,28.3,26.4,25.2,27.20050324433032,30.782634999537198,31.121324406584005
XIAMEN UNIVERSITY,28.3,24.7,25.7,27.24385992893932,29.807540157898732,29.584367472987566
OREGON STATE UNIVERSITY,28.1,25.7,25.3,20.873091341240304,17.20612410126135,14.17912163894141
SINGAPORE MANAGEMENT UNIVERSITY,27.9,23.5,24.9,21.817028173335103,20.15155953239025,17.736086319038282
SOGANG UNIVERSITY,27.8,26.4,25.6,25.6558970762243,25.330162679688183,24.283286050088048
BEIJING INSTITUTE OF TECHNOLOGY,27.5,25.2,26.4,30.68524348459321,37.53290073387228,38.92024583306156
SULTAN QABOOS UNIVERSITY,27.3,25.7,28.9,29.292295233745637,29.909327840957708,28.69826982023983
TULANE UNIVERSITY,27.6,27.5,27.4,25.151816035335905,24.514855310478964,22.654300051917
UNIVERSITY OF EASTERN FINLAND,27.5,24.4,24.2,22.10782347876043,20.898731495649812,19.026513069416545
UNIVERSITY OF SASKATCHEWAN,27.2,25.3,26.2,25.041757329352187,26.435840918049152,25.21286369206752
UNIVERSITY OF STIRLING,27.6,27.3,24.8,23.937766953550742,21.319237798000692,19.731421130753464
JAGIELLONIAN UNIVERSITY,27.1,27.6,31.9,35.51420704188476,35.05207841479214,34.38085099248566
UNIVERSIDAD DE ZARAGOZA,26.7,27.5,26.7,22.177421773486877,22.39817685568629,20.146326259797696
WAYNE STATE UNIVERSITY,27.0,26.2,24.5,20.53199669472935,18.916685390710946,16.5755164904662
HUAZHONG UNIVERSITY OF SCIENCE AND TECHNOLOGY,26.5,27.4,28.2,34.50911014962571,33.04354582647822,33.34011181297366
TIANJIN UNIVERSITY,26.5,26.0,27.0,34.29582995778384,38.52503490594505,40.2485436731682
ABERYSTWYTH UNIVERSITY,26.2,26.5,24.5,19.282653548104687,16.719394337924065,13.862704008914973
CHANG GUNG UNIVERSITY,26.3,26.8,24.5,24.945879949895343,26.214979258092182,25.766835891161428
COLORADO STATE UNIVERSITY,26.1,25.7,26.0,27.836813134806086,26.156473867708602,25.225540116705858
UNIVERSITY OF DELHI,26.1,24.2,25.0,23.45861489075904,25.03402443223296,23.767520159818147
JILIN UNIVERSITY,25.6,24.8,24.5,24.29690458636852,23.173324886678415,21.859299489127157
